0,0,0,0,0,1,0,0,0,0,0,0,0,0,0,0,8,0,0,0,0,0,3,0,0,0,0,0,0,0,0,0,0,0,0,0,0,0,0,0,0,9,0,0,0,8,0,0,3,0,0,0,0,0,0,0,0,0,0,0,0,0,0,0,0,0,0,0,0,0,0,0,0,0,0,0,0,0,0,0,0,0,0,0,0,0,0,0,0,0,0,0,0,0,0,0,0,0,0,0,0,0,0,0,0,0,0,0,0,0,0,0,0,0,0,0,0,0,0,2,0,0,0,0,0,0,0,0,0,0,0,0,0,4,0,0,0,0,0,1,0,0,0,0,0,0,0,0,0,0,0,0,0,0,0,0,0,0,0,4,0,0,0,0,0,0,0,0,0,0,0,0,0,0,0,0,0,0,0,0,0,1,0,0,0,2,0,0,0,0,0,1,0,0,0,0,0,0,5,0,0,0,0,4,0,0,0,0,0,0,0,0,0,0,0,0,0
0,0,0,0,0,0,0,0,0,0,0,0,0,0,0,0,0,0,0,0,0,0,0,0,0,0,0,0,0,0,0,0,0,0,0,0,0,0,0,0,0,0,0,0,0,0,0,0,0,0,0,0,0,0,0,0,0,0,0,0,0,0,0,0,0,0,0,0,0,0,0,0,0,0,0,0,0,0,0,0,0,0,0,0,0,0,0,0,0,0,0,0,0,0,0,0,0,0,0,0,0,0,0,0,0,0,0,0,0,0,0,0,0,0,0,0,0,0,0,0,0,0,0,0,0,0,0,0,0,0,0,0,0,0,0,0,0,0,0,0,0,0,0,0,0,0,0,0,0,0,0,0,0,0,0,0,0,0,0,0,0,0,0,0,0,0,0,0,0,0,0,0,0,0,0,0,0,0,0,0,0,0,0,0,0,0,0,0,0,0,0,0,0,0,0,0,0,0,0,0,0,0,0,0,0,0,0,0,0,0,0,0,0,0,0,0,0
0,0,0,4,1,1,0,0,0,2,2,0,0,0,0,0,18,3,0,0,0,1,0,0,0,1,0,0,2,0,0,0,4,0,1,0,1,1,10,3,0,9,0,0,0,6,0,0,0,0,0,4,0,15,0,0,0,0,0,5,5,0,0,0,0,0,1,0,0,0,1,0,0,1,1,0,1,0,3,3,0,2,0,6,0,0,0,0,0,5,0,0,0,0,0,0,0,0,0,0,0,0,0,0,0,0,2,0,3,0,3,0,0,0,0,2,1,0,0,6,0,7,0,0,10,0,0,0,0,0,0,0,0,10,6,0,0,4,0,4,0,0,3,0,8,0,3,2,0,1,0,0,0,11,0,0,0,0,24,1,0,0,1,0,0,0,0,0,0,0,7,0,14,0,8,1,0,0,0,0,1,4,1,0,0,3,0,0,0,1,0,1,0,2,0,0,0,0,2,0,0,0,0,3,0,0,0,0,0,2,0,0,0,0,0,0,0
0,0,2,0,2,0,0,0,0,2,15,0,0,10,0,0,3,2,0,0,0,2,15,0,0,5,0,0,0,0,8,0,4,0,3,3,1,60,407,19,0,92,0,0,0,46,1,2,4,0,0,21,2,91,0,0,0,0,0,8,53,2,0,0,1,1,4,1,0,0,0,0,0,4,2,10,11,0,0,16,1,4,0,32,0,0,0,0,0,13,0,0,0,0,0,16,1,0,0,0,2,0,0,0,0,0,11,1,9,0,19,0,0,5,0,8,0,0,0,24,0,137,0,0,95,0,0,0,0,0,0,0,0,68,22,0,0,8,0,188,0,19,6,0,104,0,0,21,0,0,0,0,0,54,0,0,0,2,38,3,6,0,0,0,0,0,0,0,0,0,40,0,29,0,118,12,0,3,0,0,0,54,0,0,9,13,0,2,0,2,0,0,7,276,0,0,0,0,7,0,0,0,0,36,0,0,0,0,0,5,0,36,0,0,0,0,0
0,0,1,4,0,1,0,0,0,0,0,0,0,0,0,0,42,6,0,0,0,8,6,0,0,20,0,0,3,2,8,8,1,0,1,0,2,10,19,12,0,50,0,0,0,13,1,0,9,0,0,1,4,195,0,0,0,0,0,4,7,2,0,0,0,14,8,0,0,0,2,0,0,0,34,1,3,0,3,2,0,0,0,477,0,0,0,0,0,0,0,0,0,0,0,43,2,0,0,0,1,7,0,0,0,0,2,0,22,0,288,0,0,0,0,13,12,8,5,50,0,47,0,0,77,3,0,0,0,0,0,0,2,118,21,0,0,26,0,166,0,0,4,0,1,0,6,18,0,0,0,0,0,43,0,0,0,3,29,4,1,0,4,0,0,5,0,0,0,0,141,2,71,0,287,64,0,5,5,0,2,52,19,3,1,28,0,1,0,9,0,3,12,102,0,0,0,0,73,0,1,0,0,19,0,0,0,0,0,2,0,0,0,0,0,0,0
1,0,0,0,2,0,0,0,0,2,5,0,0,5,0,0,2,4,0,0,0,0,23,0,0,3,0,0,0,0,1,0,0,0,3,0,1,24,121,14,0,110,0,0,0,5,2,3,1,0,0,3,1,44,0,0,0,0,0,3,0,1,0,0,0,0,7,3,0,0,0,0,0,0,1,11,7,0,1,14,1,4,0,0,0,0,0,0,0,4,0,1,0,0,0,6,0,0,0,0,0,1,0,0,0,0,5,3,6,0,7,0,0,1,0,13,1,1,0,19,0,79,0,0,13,0,0,0,0,0,0,0,1,43,0,0,0,3,0,74,0,8,3,0,39,0,0,4,0,0,0,0,0,22,0,0,0,2,0,3,2,0,0,0,0,0,0,0,0,0,9,0,42,0,10,4,0,0,0,0,0,10,2,0,1,9,0,4,0,2,0,0,3,80,0,0,0,0,3,0,0,0,0,0,0,0,0,0,0,4,0,17,0,0,0,0,0
0,0,0,0,0,0,0,0,0,0,0,0,0,0,0,0,0,0,0,0,0,0,0,0,0,0,0,0,0,0,0,0,0,0,0,0,0,0,0,0,0,0,0,0,0,0,0,0,0,0,0,0,0,0,0,0,0,0,0,0,0,0,0,0,0,0,0,0,0,0,0,0,0,0,0,0,0,0,0,0,0,0,0,0,0,0,0,0,0,0,0,0,0,0,0,0,0,0,0,0,0,0,0,0,0,0,0,0,0,0,0,0,0,0,0,0,0,0,0,0,0,0,0,0,0,0,0,0,0,0,0,0,0,0,0,0,0,0,0,0,0,0,0,0,0,0,0,0,0,0,0,0,0,0,0,0,0,0,0,0,0,0,0,0,0,0,0,0,0,0,0,0,0,0,0,0,0,0,0,0,0,0,0,0,0,0,0,0,0,0,0,0,0,0,0,0,0,0,0,0,0,0,0,0,0,0,0,0,0,0,0,0,0,0,0,0,0
0,0,0,0,0,0,0,0,0,0,0,0,0,0,0,0,0,0,0,0,0,0,0,0,0,0,0,0,0,0,0,0,0,0,0,0,0,0,0,0,0,0,0,0,0,0,0,0,0,0,0,0,0,0,0,0,0,0,0,0,0,0,0,0,0,0,0,0,0,0,0,0,0,0,0,0,0,0,0,0,0,0,0,0,0,0,0,0,0,0,0,0,0,0,0,0,0,0,0,0,0,0,0,0,0,0,0,0,0,0,0,0,0,0,0,0,0,0,0,0,0,0,0,0,0,0,0,0,0,0,0,0,0,0,0,0,0,0,0,0,0,0,0,0,0,0,0,0,0,0,0,0,0,0,0,0,0,0,0,0,0,0,0,0,0,0,0,0,0,0,0,0,0,0,0,0,0,0,0,0,0,0,0,0,0,0,0,0,0,0,0,0,0,0,0,0,0,0,0,0,0,0,0,0,0,0,0,0,0,0,0,0,0,0,0,0,0
0,0,0,0,0,0,0,0,0,0,0,0,0,0,0,0,0,0,0,0,0,0,0,0,0,0,0,0,0,0,0,0,0,0,0,0,0,0,0,0,0,0,0,0,0,0,0,0,0,0,0,0,0,0,0,0,0,0,0,0,0,0,0,0,0,0,0,0,0,0,0,0,0,0,0,0,0,0,0,0,0,0,0,0,0,0,0,0,0,0,0,0,0,0,0,0,0,0,0,0,0,0,0,0,0,0,0,0,0,0,0,0,0,0,0,0,0,0,0,0,0,0,0,0,0,0,0,0,0,0,0,0,0,0,0,0,0,0,0,0,0,0,0,0,0,0,0,0,0,0,0,0,0,0,0,0,0,0,0,0,0,0,0,0,0,0,0,0,0,0,0,0,0,0,0,0,0,0,0,0,0,0,0,0,0,0,0,0,0,0,0,0,0,0,0,0,0,0,0,0,0,0,0,0,0,0,0,0,0,0,0,0,0,0,0,0,0
0,0,1,2,0,0,0,0,0,0,0,0,0,0,0,0,3,0,0,0,0,0,0,0,0,2,0,0,0,0,0,0,0,0,0,0,0,3,2,0,0,0,0,0,0,2,0,0,0,0,0,0,0,3,0,0,0,0,0,0,1,0,0,0,0,0,0,0,0,0,0,0,0,0,0,0,0,0,0,0,0,1,0,0,0,0,0,0,0,0,0,0,0,0,0,1,0,0,0,0,0,0,0,0,0,0,0,0,1,0,2,0,0,0,0,0,0,0,0,0,0,0,0,0,0,0,0,0,0,0,0,0,0,1,0,0,0,0,0,0,0,0,0,0,0,0,0,0,0,0,0,0,0,0,0,0,0,0,9,0,2,0,1,0,0,0,0,0,0,0,14,0,5,0,0,0,0,0,0,0,0,0,0,0,0,0,0,0,0,0,0,0,0,1,0,0,0,0,1,0,0,0,0,0,0,0,0,0,0,2,0,0,0,0,0,0,0
0,0,0,11,0,4,0,0,0,0,0,0,0,0,0,0,30,1,0,0,0,0,2,0,0,0,0,0,0,0,1,8,1,0,1,0,0,3,0,1,0,1,0,0,0,1,0,0,2,0,0,2,0,4,0,0,0,0,0,0,12,1,0,0,0,0,1,0,0,0,0,0,0,0,0,2,3,0,0,0,1,0,0,0,0,0,0,0,0,0,0,0,0,0,0,0,0,0,0,0,1,0,0,0,0,0,0,0,0,0,6,0,0,0,0,4,10,0,0,1,0,12,0,0,13,0,0,0,0,0,0,0,0,11,0,0,0,0,0,4,0,1,3,0,0,0,0,0,0,0,0,0,0,0,0,0,0,0,5,0,0,0,3,0,0,0,0,0,0,0,19,0,0,0,8,0,0,0,0,0,0,0,1,0,0,4,0,1,0,0,0,7,0,148,0,0,0,0,6,0,0,0,0,4,0,0,0,0,0,0,0,8,0,0,0,0,0
0,0,0,0,0,0,0,0,0,0,0,0,0,0,0,0,0,0,0,0,0,0,0,0,0,0,0,0,0,0,0,0,0,0,0,0,0,0,0,0,0,0,0,0,0,0,0,0,0,0,0,0,0,0,0,0,0,0,0,0,0,0,0,0,0,0,0,0,0,0,0,0,0,0,0,0,0,0,0,0,0,0,0,0,0,0,0,0,0,0,0,0,0,0,0,0,0,0,0,0,0,0,0,0,0,0,0,0,0,0,0,0,0,0,0,0,0,0,0,0,0,0,0,0,0,0,0,0,0,0,0,0,0,0,0,0,0,0,0,0,0,0,0,0,0,0,0,0,0,0,0,0,0,0,0,0,0,0,0,0,0,0,0,0,0,0,0,0,0,0,0,0,0,0,0,0,0,0,0,0,0,0,0,0,0,0,0,0,0,0,0,0,0,0,0,0,0,0,0,0,0,0,0,0,0,0,0,0,0,0,0,0,0,0,0,0,0
0,0,0,0,0,0,0,0,0,0,0,0,0,0,0,0,0,0,0,0,0,0,0,0,0,0,0,0,0,0,0,0,0,0,0,0,0,0,0,0,0,0,0,0,0,0,0,0,0,0,0,0,0,0,0,0,0,0,0,0,0,0,0,0,0,0,0,0,0,0,0,0,0,0,0,0,0,0,0,0,0,0,0,0,0,0,0,0,0,0,0,0,0,0,0,0,0,0,0,0,0,0,0,0,0,0,0,0,0,0,0,0,0,0,0,0,0,0,0,0,0,0,0,0,0,0,0,0,0,0,0,0,0,0,0,0,0,0,0,0,0,0,0,0,0,0,0,0,0,0,0,0,0,0,0,0,0,0,0,0,0,0,0,0,0,0,0,0,0,0,0,0,0,0,0,0,0,0,0,0,0,0,0,0,0,0,0,0,0,0,0,0,0,0,0,0,0,0,0,0,0,0,0,0,0,0,0,0,0,0,0,0,0,0,0,0,0
0,0,0,8,0,5,0,0,0,0,1,0,0,0,0,0,191,5,0,0,0,0,4,0,0,2,0,0,8,0,22,9,7,0,7,1,1,0,14,0,0,51,0,0,0,25,1,11,0,0,0,15,1,25,0,0,0,0,0,4,21,0,0,0,0,0,2,1,0,0,0,0,0,2,0,2,9,0,0,2,0,2,0,1,0,0,0,0,0,1,0,1,0,0,0,1,0,0,0,0,0,0,0,0,0,0,5,0,4,0,5,0,0,2,0,6,15,0,0,7,0,37,0,0,27,0,0,0,0,0,0,0,1,18,37,0,0,3,0,38,0,1,5,0,12,0,0,10,0,4,0,0,0,3,0,0,0,2,18,1,1,0,0,0,0,0,0,0,0,0,21,0,17,0,17,0,2,0,0,0,5,14,2,0,0,6,0,0,0,0,0,3,0,25,0,0,0,0,2,0,0,0,0,39,0,0,0,0,0,2,0,4,0,1,0,0,0
0,0,0,0,0,0,0,0,0,0,0,0,0,0,0,0,0,0,0,0,0,0,0,0,0,0,0,0,0,0,0,0,0,0,0,0,0,0,0,0,0,0,0,0,0,0,0,0,0,0,0,0,0,0,0,0,0,0,0,0,0,0,0,0,0,0,0,0,0,0,0,0,0,0,0,0,0,0,0,0,0,0,0,0,0,0,0,0,0,0,0,0,0,0,0,0,0,0,0,0,0,0,0,0,0,0,0,0,0,0,0,0,0,0,0,0,0,0,0,0,0,0,0,0,0,0,0,0,0,0,0,0,0,0,0,0,0,0,0,0,0,0,0,0,0,0,0,0,0,0,0,0,0,0,0,0,0,0,0,0,0,0,0,0,0,0,0,0,0,0,0,0,0,0,0,0,0,0,0,0,0,0,0,0,0,0,0,0,0,0,0,0,0,0,0,0,0,0,0,0,0,0,0,0,0,0,0,0,0,0,0,0,0,0,0,0,0
0,0,0,0,0,0,0,0,0,0,0,0,0,0,0,0,0,0,0,0,0,0,0,0,0,0,0,0,0,0,0,0,0,0,0,0,0,0,0,0,0,0,0,0,0,0,0,0,0,0,0,0,0,0,0,0,0,0,0,0,0,0,0,0,0,0,0,0,0,0,0,0,0,0,0,0,0,0,0,0,0,0,0,0,0,0,0,0,0,0,0,0,0,0,0,0,0,0,0,0,0,0,0,0,0,0,0,0,0,0,0,0,0,0,0,0,0,0,0,0,0,0,0,0,0,0,0,0,0,0,0,0,0,0,0,0,0,0,0,0,0,0,0,0,0,0,0,0,0,0,0,0,0,0,0,0,0,0,0,0,0,0,0,0,0,0,0,0,0,0,0,0,0,0,0,0,0,0,0,0,0,0,0,0,0,0,0,0,0,0,0,0,0,0,0,0,0,0,0,0,0,0,0,0,0,0,0,0,0,0,0,0,0,0,0,0,0
17,0,15,4,70,2,0,0,0,5,56,0,0,222,0,0,0,79,2,0,0,0,126,10,0,32,0,0,0,2,6,10,7,0,54,3,11,71,1850,89,1,649,0,0,0,16,1,37,3,0,16,5,10,1193,0,0,1,0,0,21,13,10,0,0,4,3,18,5,0,0,2,0,8,13,16,33,19,0,3,63,6,28,0,780,0,0,0,0,0,26,0,0,0,0,0,58,6,0,0,0,2,7,0,0,0,0,30,0,35,2,121,0,0,4,0,34,564,16,0,60,0,245,0,0,326,1,0,0,0,0,0,0,0,594,0,0,0,45,0,144,0,47,21,0,310,0,11,24,0,10,0,0,0,28,0,0,0,11,0,42,9,0,9,0,0,0,0,0,0,0,68,8,119,0,125,45,5,12,0,0,2,99,45,3,8,44,0,3,0,27,0,23,33,1226,0,0,0,0,48,0,2,0,0,4,0,10,0,0,3,22,0,50,0,2,0,0,0
0,0,4,1,5,5,0,0,0,0,1,0,0,1,0,0,59,0,0,0,0,0,2,0,0,0,0,0,0,3,4,2,2,0,0,0,4,27,34,11,0,31,0,0,0,18,0,5,3,0,0,9,15,271,0,0,0,0,0,4,28,0,0,0,0,1,0,1,0,0,0,0,0,1,0,1,1,0,0,7,0,0,0,1,0,0,0,0,0,0,0,0,0,0,0,9,0,0,0,0,0,0,0,0,0,0,1,0,11,0,23,0,0,0,0,0,2,5,1,0,0,17,0,0,16,0,0,0,0,0,0,0,0,0,8,0,0,15,0,56,0,0,2,0,42,0,1,9,0,2,0,0,0,18,0,0,0,3,46,7,3,0,0,0,0,1,0,0,0,0,29,0,47,0,27,7,0,4,0,0,1,25,0,0,4,7,0,0,0,3,0,9,1,19,0,0,0,0,28,0,0,0,0,12,0,0,0,0,0,5,0,5,0,0,0,0,0
0,0,0,0,0,0,0,0,0,0,0,0,0,0,0,0,0,0,0,0,0,0,0,0,0,0,0,0,0,1,0,0,0,0,0,0,0,0,0,0,0,1,0,0,0,2,0,0,1,0,0,0,0,0,0,0,0,0,0,0,0,0,0,0,0,0,0,0,0,0,0,0,0,0,0,0,0,0,0,1,0,0,0,0,0,0,0,0,0,0,0,0,0,0,0,0,0,0,0,0,0,0,0,0,0,0,0,0,0,0,0,0,0,0,0,0,0,0,0,1,0,0,0,0,0,0,0,0,0,0,0,0,0,0,0,0,0,0,0,0,0,0,0,0,0,0,0,0,0,0,0,0,0,0,0,0,0,0,0,1,0,0,0,0,0,0,0,0,0,0,0,0,0,0,1,0,0,0,0,0,0,0,0,0,0,0,0,0,0,0,0,0,0,0,0,0,0,0,4,0,0,0,0,1,0,0,0,0,0,0,0,0,0,0,0,0,0
0,0,0,0,0,0,0,0,0,0,0,0,0,0,0,0,0,0,0,0,0,0,0,0,0,0,0,0,0,0,0,0,0,0,0,0,0,0,0,0,0,0,0,0,0,0,0,0,0,0,0,0,0,1,0,0,0,0,0,0,0,0,0,0,0,7,0,0,0,0,0,0,0,0,0,0,0,0,0,0,0,0,0,0,0,0,0,0,0,0,0,0,0,0,0,0,0,0,0,0,0,0,0,0,0,0,0,0,0,0,1,0,0,0,0,0,0,0,0,1,0,0,0,0,0,0,0,0,0,0,0,0,0,0,0,0,0,0,0,0,0,0,0,0,0,0,0,0,0,0,0,0,0,0,0,0,0,0,0,0,0,0,0,0,0,0,0,0,0,0,0,0,0,0,0,1,0,0,0,0,0,0,0,0,0,0,0,0,0,0,0,0,0,0,0,0,0,0,0,0,0,0,0,0,0,0,0,0,0,0,0,0,0,0,0,0,0
0,0,0,0,0,0,0,0,0,0,0,0,0,0,0,0,0,0,0,0,0,0,0,0,0,0,0,0,0,0,0,0,0,0,0,0,0,0,0,0,0,0,0,0,0,0,0,0,0,0,0,0,0,0,0,0,0,0,0,0,0,0,0,0,0,0,0,0,0,0,0,0,0,0,0,0,0,0,0,0,0,0,0,0,0,0,0,0,0,0,0,0,0,0,0,0,0,0,0,0,0,0,0,0,0,0,0,0,0,0,0,0,0,0,0,0,0,0,0,0,0,0,0,0,0,0,0,0,0,0,0,0,0,0,0,0,0,0,0,0,0,0,0,0,0,0,0,0,0,0,0,0,0,0,0,0,0,0,0,0,0,0,0,0,0,0,0,0,0,0,0,0,0,0,0,0,0,0,0,0,0,0,0,0,0,0,0,0,0,0,0,0,0,0,0,0,0,0,0,0,0,0,0,0,0,0,0,0,0,0,0,0,0,0,0,0,0
0,0,0,2,12,0,0,0,0,0,0,0,0,0,0,0,0,0,0,0,0,0,2,0,0,29,0,0,0,0,0,0,0,0,4,0,0,1,2,0,0,7,0,0,0,1,0,4,0,0,0,4,0,10,0,0,0,0,0,2,4,2,0,0,0,7,0,5,0,0,0,0,0,2,3,1,1,0,0,0,0,0,0,0,0,0,0,0,0,0,0,1,0,0,0,2,0,0,0,0,0,0,0,0,0,0,1,2,4,0,13,0,0,0,0,0,0,0,0,6,0,4,0,0,40,0,0,0,0,0,0,0,0,6,0,0,0,9,0,12,0,0,1,0,25,0,0,9,0,1,0,0,0,5,0,0,0,12,4,7,0,0,0,0,0,1,0,0,0,0,135,0,11,0,16,6,1,0,0,0,0,4,1,0,3,5,0,0,0,0,0,0,0,6,0,0,0,0,9,0,0,0,0,0,0,0,0,0,0,2,0,0,0,0,0,0,0
3,0,0,21,11,23,0,0,0,2,5,0,0,4,0,0,64,6,0,0,0,2,0,0,0,5,0,0,17,9,18,12,18,0,4,0,7,41,239,1,2,186,0,0,0,33,7,22,2,0,0,30,10,1061,0,0,0,0,0,16,105,5,0,0,7,4,0,3,0,0,0,0,6,10,12,4,19,0,1,22,4,0,0,257,0,0,0,0,0,11,0,3,0,0,0,2,7,0,0,0,4,13,0,0,0,0,2,1,5,2,93,0,0,10,0,6,20,22,0,0,0,71,0,0,52,1,0,0,0,0,0,0,6,8,48,0,0,34,0,44,0,3,5,0,83,0,15,31,0,12,0,0,0,45,0,0,0,11,79,41,15,0,14,0,0,0,0,0,0,0,104,5,84,0,170,36,5,6,0,0,9,53,4,0,5,14,0,1,0,7,0,16,0,387,0,0,0,0,38,0,4,0,0,47,0,5,0,0,0,14,0,13,0,0,0,0,0
0,0,0,0,0,0,0,0,0,0,0,0,0,0,0,0,3,0,0,0,0,0,0,0,0,0,0,0,0,0,0,0,0,0,0,0,0,2,7,5,0,0,0,0,0,0,0,0,0,0,0,0,1,68,0,0,0,0,0,0,0,0,0,0,0,0,0,0,0,0,0,0,0,0,0,0,0,0,0,0,0,0,0,0,0,0,0,0,0,0,0,0,0,0,0,0,0,0,0,0,0,0,0,0,0,0,0,0,0,0,0,0,0,0,0,0,0,0,0,0,0,4,0,0,0,0,0,0,0,0,0,0,0,5,0,0,0,0,0,0,0,0,0,0,0,0,0,0,0,0,0,0,0,0,0,0,0,0,9,2,0,0,0,0,0,0,0,0,0,0,2,0,0,0,1,0,0,0,0,0,0,0,0,0,0,0,0,0,0,0,0,0,0,0,0,0,0,0,1,0,0,0,0,0,0,0,0,0,0,0,0,0,0,0,0,0,0
0,0,0,0,0,0,0,0,0,0,0,0,0,0,0,0,0,0,0,0,0,0,0,0,0,0,0,0,0,0,0,0,0,0,0,0,0,0,0,0,0,0,0,0,0,0,0,0,0,0,0,0,0,0,0,0,0,0,0,0,0,0,0,0,0,0,0,0,0,0,0,0,0,0,0,0,0,0,0,0,0,0,0,0,0,0,0,0,0,0,0,0,0,0,0,0,0,0,0,0,0,0,0,0,0,0,0,0,0,0,0,0,0,0,0,0,0,0,0,0,0,0,0,0,0,0,0,0,0,0,0,0,0,0,0,0,0,0,0,0,0,0,0,0,0,0,0,0,0,0,0,0,0,0,0,0,0,0,0,0,0,0,0,0,0,0,0,0,0,0,0,0,0,0,0,0,0,0,0,0,0,0,0,0,0,0,0,0,0,0,0,0,0,0,0,0,0,0,0,0,0,0,0,0,0,0,0,0,0,0,0,0,0,0,0,0,0
0,0,0,4,41,2,0,0,0,2,0,0,0,3,0,0,30,0,0,0,0,41,3,0,0,0,0,0,1,0,2,2,3,0,2,0,3,2,47,9,0,69,0,0,0,6,1,7,2,0,0,4,2,123,0,0,0,0,0,11,27,3,0,0,0,36,1,0,0,0,1,0,0,0,50,3,8,0,0,2,0,0,0,22,0,0,0,0,0,1,0,1,0,0,0,7,2,0,0,0,0,0,0,0,0,0,2,0,6,0,311,0,0,0,0,5,1,2,2,7,0,29,0,0,32,0,0,0,0,0,0,0,0,48,18,0,0,12,0,116,0,0,0,0,761,0,3,83,0,0,0,0,0,22,0,0,0,33,3,55,4,0,7,0,0,53,0,0,0,0,1014,1,84,0,790,335,0,32,3,0,0,78,2,0,4,9,0,0,0,0,0,0,2,44,0,0,0,0,15,0,0,0,0,7,0,0,0,0,0,0,0,3,0,0,1,0,0
0,0,0,0,0,0,0,0,0,0,0,0,0,0,0,0,0,0,0,0,0,0,0,0,0,0,0,0,0,0,0,0,0,0,0,0,0,0,0,0,0,0,0,0,0,0,0,0,0,0,0,0,0,0,0,0,0,0,0,0,0,0,0,0,0,0,0,0,0,0,0,0,0,0,0,0,0,0,0,0,0,0,0,0,0,0,0,0,0,0,0,0,0,0,0,0,0,0,0,0,0,0,0,0,0,0,0,0,0,0,0,0,0,0,0,0,0,0,0,0,0,0,0,0,0,0,0,0,0,0,0,0,0,0,0,0,0,0,0,0,0,0,0,0,0,0,0,0,0,0,0,0,0,0,0,0,0,0,0,0,0,0,0,0,0,0,0,0,0,0,0,0,0,0,0,0,0,0,0,0,0,0,0,0,0,0,0,0,0,0,0,0,0,0,0,0,0,0,0,0,0,0,0,0,0,0,0,0,0,0,0,0,0,0,0,0,0
0,0,0,0,0,0,0,0,0,0,0,0,0,0,0,0,0,0,0,0,0,0,0,0,0,0,0,0,0,0,0,0,0,0,0,0,0,0,0,0,0,0,0,0,0,0,0,0,0,0,0,0,0,0,0,0,0,0,0,0,0,0,0,0,0,0,0,0,0,0,0,0,0,0,0,0,0,0,0,0,0,0,0,0,0,0,0,0,0,0,0,0,0,0,0,0,0,0,0,0,0,0,0,0,0,0,0,0,0,0,0,0,0,0,0,0,0,0,0,0,0,0,0,0,0,0,0,0,0,0,0,0,0,0,0,0,0,0,0,0,0,0,0,0,0,0,0,0,0,0,0,0,0,0,0,0,0,0,0,0,0,0,0,0,0,0,0,0,0,0,0,0,0,0,0,0,0,0,0,0,0,0,0,0,0,0,0,0,0,0,0,0,0,0,0,0,0,0,0,0,0,0,0,0,0,0,0,0,0,0,0,0,0,0,0,0,0
0,0,1,0,1,0,0,0,0,0,0,0,0,4,0,0,0,0,0,0,0,0,10,0,0,0,0,0,0,0,1,0,0,0,2,0,0,0,21,3,0,1,0,0,0,0,0,1,0,0,0,0,0,2,0,0,0,0,0,0,9,0,0,0,0,0,1,0,0,0,0,0,0,0,0,2,1,0,0,5,3,1,0,0,0,0,0,0,0,0,0,0,0,0,0,1,0,0,0,0,1,0,0,0,0,0,0,0,0,0,7,0,0,0,0,0,0,0,0,3,0,784,0,0,0,0,0,0,0,0,0,0,0,4,0,0,0,0,0,168,0,3,1,0,0,0,0,1,0,0,0,0,0,0,0,0,0,0,0,0,0,0,0,0,0,0,0,0,0,0,7,0,2,0,9,0,0,0,0,0,0,9,2,0,0,8,0,0,0,0,0,0,0,29,0,0,0,0,4,0,0,0,0,2,0,0,0,0,0,1,0,9,0,0,0,0,0
0,0,0,1,3,0,0,0,0,1,0,0,0,0,0,0,6,5,1,0,0,0,10,0,0,1,0,0,0,0,0,0,0,0,2,0,0,2,4,4,0,31,0,0,0,6,0,4,3,0,0,8,0,154,0,0,0,0,0,10,46,0,0,0,0,0,1,0,0,0,1,0,0,2,4,1,19,0,2,0,0,2,0,0,0,0,0,0,0,0,0,2,0,0,0,2,2,0,0,0,0,0,0,0,0,0,4,0,3,0,8,0,0,1,0,2,0,0,0,5,0,19,0,0,14,0,0,0,0,0,0,0,0,11,17,0,0,1,0,15,0,0,0,0,5,0,0,3,0,0,0,0,0,9,0,0,0,3,5,6,0,0,1,0,0,0,0,0,0,0,5,0,5,0,13,5,0,0,0,0,0,8,4,0,5,2,0,0,0,0,0,0,1,11,0,0,0,0,10,0,0,0,0,6,0,0,0,0,0,3,0,0,0,0,0,0,0
0,0,0,5,11,3,0,0,0,1,4,0,0,20,0,0,6,6,0,0,0,0,19,3,0,1,0,0,0,0,0,7,0,0,6,0,1,39,265,19,0,14,0,0,0,2,0,9,0,0,2,11,0,75,0,0,0,0,0,3,60,1,0,0,0,2,2,0,0,0,0,0,1,2,0,25,7,0,2,21,2,16,0,98,0,0,0,0,0,11,0,2,0,0,0,13,5,0,0,0,1,1,0,0,0,0,9,3,5,0,48,0,0,3,0,13,7,1,3,38,0,246,0,0,43,1,0,0,0,0,0,0,5,149,78,0,0,14,0,208,0,34,4,0,71,0,21,19,0,13,0,0,0,45,0,0,0,6,12,3,10,0,0,0,0,0,0,0,0,0,63,0,61,0,89,29,0,0,0,0,2,47,6,0,4,6,0,0,0,3,0,0,11,317,0,0,0,0,9,0,0,0,0,16,0,0,0,0,0,19,0,21,0,1,0,0,0
0,0,0,0,12,0,0,0,0,1,10,0,0,7,0,0,6,2,0,0,0,0,10,0,0,3,0,0,0,0,3,0,4,0,7,4,3,24,121,3,0,89,0,0,0,8,0,2,0,0,0,9,3,32,0,0,0,0,0,0,4,4,0,0,0,1,1,0,0,0,0,0,0,1,1,6,5,0,0,11,3,1,0,2,0,0,0,0,0,3,0,0,0,0,0,13,0,0,0,0,1,0,0,0,0,0,6,0,10,0,10,0,0,1,0,11,0,0,0,11,0,74,0,0,19,0,0,0,0,0,0,0,1,38,90,0,0,4,0,75,0,12,2,0,40,0,0,18,0,0,0,0,0,23,0,0,0,5,7,1,2,0,0,0,0,0,0,0,0,0,18,0,21,0,28,2,0,3,0,0,0,18,0,0,2,7,0,1,0,5,0,0,11,103,0,0,0,0,5,0,0,0,0,11,0,0,0,0,2,3,0,17,0,0,0,0,0
0,0,3,3,3,0,0,0,0,0,1,0,0,2,0,0,0,2,0,0,0,0,16,0,0,3,0,0,0,2,0,3,0,0,0,0,0,16,18,8,0,34,0,0,0,0,0,6,2,0,1,0,4,42,0,0,0,0,0,5,0,0,0,0,0,0,0,0,0,0,0,0,0,0,1,3,0,0,0,7,1,4,0,5,0,0,0,0,0,0,0,0,0,0,0,4,3,0,0,0,0,1,0,0,0,0,0,2,10,0,16,0,0,0,0,1,3,1,0,13,0,78,0,0,9,0,0,0,0,0,0,0,0,37,123,0,0,9,0,77,0,21,0,0,27,0,4,12,0,6,0,0,0,5,0,0,0,0,1,0,0,0,0,0,0,0,0,0,0,0,19,0,43,0,24,1,0,0,0,0,0,15,2,0,1,0,0,1,0,4,0,0,4,93,0,0,0,0,10,0,0,0,0,6,0,0,0,0,0,6,0,10,0,0,0,0,0
0,0,0,0,0,0,0,0,0,0,0,0,0,0,0,0,0,0,0,0,0,0,0,0,0,0,0,0,0,0,0,0,0,0,0,0,0,0,0,0,0,0,0,0,0,0,0,0,0,0,0,0,0,0,0,0,0,0,0,0,0,0,0,0,0,0,0,0,0,0,0,0,0,0,0,0,0,0,0,0,0,0,0,0,0,0,0,0,0,0,0,0,0,0,0,0,0,0,0,0,0,0,0,0,0,0,0,0,0,0,0,0,0,0,0,0,0,0,0,0,0,0,0,0,0,0,0,0,0,0,0,0,0,0,0,0,0,0,0,0,0,0,0,0,0,0,0,0,0,0,0,0,0,0,0,0,0,0,0,0,0,0,0,0,0,0,0,0,0,0,0,0,0,0,0,0,0,0,0,0,0,0,0,0,0,0,0,0,0,0,0,0,0,0,0,0,0,0,0,0,0,0,0,0,0,0,0,0,0,0,0,0,0,0,0,0,0
0,0,1,3,0,6,0,0,0,0,1,0,0,5,0,0,44,0,0,0,0,5,1,0,0,2,0,0,2,1,9,8,2,0,0,0,0,5,13,5,0,20,0,0,0,12,0,0,0,0,0,14,0,8,0,0,0,0,0,0,91,3,0,0,1,0,0,6,0,0,0,0,0,3,1,0,3,0,1,9,0,0,0,0,0,0,0,0,0,0,0,4,0,0,0,7,0,0,0,0,3,1,0,0,0,0,5,1,0,0,21,0,0,0,0,0,7,0,0,11,0,13,0,0,62,3,0,0,0,0,0,0,0,10,32,0,0,0,0,55,0,0,0,0,32,0,3,15,0,2,0,0,0,16,0,0,0,2,13,4,0,0,3,0,0,1,0,0,0,0,39,0,3,0,20,3,0,1,0,0,11,26,0,0,2,1,0,0,0,0,0,5,1,20,0,0,0,0,5,0,0,0,0,12,0,0,0,0,0,4,0,0,0,0,1,0,0
0,0,0,1,0,0,0,0,0,0,0,0,0,1,0,0,1,0,0,0,0,0,1,0,0,0,0,0,0,0,0,2,0,0,0,0,0,0,0,0,0,0,0,0,0,0,0,0,0,0,0,0,0,1,0,0,0,0,0,0,0,0,0,0,0,0,0,0,0,0,0,0,0,0,0,0,0,0,0,0,0,1,0,0,0,0,0,0,0,0,0,0,0,0,0,0,0,0,0,0,0,0,0,0,0,0,0,0,0,0,2,0,0,0,0,0,0,0,0,0,0,0,0,0,0,0,0,0,0,0,0,0,0,1,0,0,0,0,0,0,0,0,0,0,0,0,0,0,0,0,0,0,0,0,0,0,0,0,0,2,0,0,0,0,0,0,0,0,0,0,10,0,0,0,0,0,0,0,0,0,0,0,0,0,0,0,0,0,0,0,0,0,0,2,0,0,0,0,0,0,0,0,0,0,0,0,0,0,0,0,0,1,0,0,0,0,0
0,0,1,1,4,0,0,0,0,1,0,0,0,1,0,0,6,6,0,0,0,0,5,0,0,3,0,0,0,0,0,1,0,0,0,0,0,7,5,5,0,4,0,0,0,0,0,3,0,0,1,0,0,25,0,0,0,0,0,1,0,2,0,0,0,0,0,1,0,0,0,0,1,0,1,3,1,0,0,1,1,2,0,14,0,0,0,0,0,0,0,0,0,0,0,0,0,0,0,0,0,0,0,0,0,0,0,1,7,0,10,0,0,0,0,4,1,0,1,7,0,20,0,0,9,0,0,0,0,0,0,0,1,32,0,0,0,10,0,41,0,7,3,0,11,0,0,3,0,1,0,0,0,0,0,0,0,0,0,0,0,0,0,0,0,0,0,0,0,0,22,0,15,0,12,1,0,0,0,0,0,2,3,0,1,1,0,0,0,2,0,0,3,44,0,0,0,0,8,0,0,0,0,4,0,0,0,0,0,2,0,2,0,0,0,0,0
0,0,2,49,21,23,0,0,0,6,4,0,0,0,0,0,62,28,0,0,0,0,57,3,0,1,0,0,0,1,46,11,16,0,7,0,7,0,9,36,0,48,0,0,0,52,0,11,4,0,4,65,2,49,0,0,0,0,0,0,176,3,0,0,0,0,3,0,0,0,0,0,0,0,2,4,18,0,0,5,1,2,0,193,0,0,0,0,0,0,0,1,0,0,0,0,2,0,0,0,0,0,0,0,0,0,0,1,2,0,38,0,0,0,0,14,14,0,0,0,0,1,0,0,26,0,0,0,0,0,0,0,6,45,37,0,0,0,0,3,0,1,19,0,2,0,2,0,0,0,0,0,0,0,0,0,0,0,26,8,0,0,7,0,0,0,0,0,0,0,84,0,2,0,79,1,0,1,0,0,1,4,7,0,2,13,0,1,0,1,0,22,0,65,0,0,0,0,38,0,0,0,0,28,0,0,0,0,0,2,0,0,0,0,0,0,0
0,0,12,427,31,95,0,0,0,4,3,0,0,8,0,0,1899,29,0,0,0,4,272,14,0,45,0,0,28,8,302,105,38,0,16,2,6,56,0,32,1,1821,0,0,0,330,3,12,3,0,6,64,8,235,0,0,0,0,0,26,314,18,0,0,16,7,18,14,0,0,4,0,4,4,37,60,112,0,14,7,0,40,0,263,0,0,0,0,0,5,0,6,0,0,0,17,28,0,0,0,14,6,0,0,0,0,61,2,42,0,169,0,0,36,0,113,170,18,0,467,0,145,0,0,1050,6,0,0,0,0,0,0,40,1433,107,0,0,55,0,4422,0,62,47,0,270,0,17,68,0,25,0,0,0,5,0,0,0,36,12,46,1,0,69,0,0,1,0,0,0,0,583,0,115,0,268,110,1,3,0,0,7,187,63,0,13,82,0,0,0,11,0,265,25,715,0,0,284,0,95,0,1,0,0,121,0,0,0,0,3,28,0,17,0,0,0,0,0
0,0,1,19,13,19,0,0,0,2,1,0,0,0,0,0,81,14,0,0,0,1,2,7,0,11,0,0,7,0,26,4,13,0,11,0,7,42,37,0,0,134,0,0,0,29,0,5,0,0,1,26,0,199,0,0,0,0,0,9,85,6,0,0,2,1,1,3,0,0,8,0,1,6,2,10,22,0,3,14,0,8,0,52,0,0,0,0,0,1,0,9,0,0,0,0,10,0,0,0,0,0,0,0,0,0,5,6,15,0,43,0,0,2,0,8,14,0,1,31,0,197,0,0,46,0,0,0,0,0,0,0,0,77,74,0,0,19,0,179,0,24,7,0,69,0,14,40,0,15,0,0,0,48,0,0,0,5,43,7,5,0,7,0,0,1,0,0,0,0,73,0,72,0,79,25,0,1,0,0,2,59,8,0,1,28,0,0,0,4,0,14,4,99,0,0,0,0,16,0,0,0,0,37,0,0,0,0,0,15,0,14,0,0,0,0,0
0,0,0,0,0,0,0,0,0,0,0,0,0,0,0,0,0,0,0,0,0,0,2,1,0,0,0,0,0,0,0,0,0,0,0,0,0,0,1,0,0,6,0,0,0,0,1,0,1,0,0,0,0,166,0,0,0,0,0,0,0,0,0,0,0,0,0,0,0,0,0,0,1,0,0,0,0,0,0,0,0,0,0,6,0,0,0,0,0,0,0,0,0,0,0,0,0,0,0,0,0,0,0,0,0,0,0,0,1,1,0,0,0,0,0,0,0,4,0,2,0,1,0,0,0,0,0,0,0,0,0,0,0,3,0,0,0,2,0,3,0,0,0,0,0,0,0,0,0,0,0,0,0,2,0,0,0,0,0,0,0,0,0,0,0,0,0,0,0,0,0,1,8,0,0,0,0,0,0,0,0,0,2,0,0,0,0,0,0,0,0,0,0,0,0,0,0,0,1,0,2,0,0,1,0,0,0,0,0,0,0,0,0,0,0,0,0
17,0,8,65,53,87,0,0,0,1,2,0,0,24,0,0,312,34,1,0,0,7,95,1,0,45,0,0,5,22,25,59,27,0,12,6,4,37,1141,93,4,0,0,0,0,13,21,30,14,0,0,166,22,5159,0,0,0,0,0,4,103,56,0,0,3,19,1,6,0,0,1,0,12,0,37,31,11,0,4,36,18,13,0,22,0,0,0,0,0,38,0,1,0,0,0,57,34,0,0,0,5,25,0,0,0,0,21,0,22,2,1823,0,0,0,0,3,37,71,2,17,0,2575,0,0,1623,6,0,0,0,0,0,0,68,1618,36,0,0,37,0,5660,0,47,1,0,1269,0,23,385,0,33,0,0,0,81,0,0,0,33,303,55,51,0,93,0,0,0,0,0,0,0,825,10,82,0,1151,587,16,56,0,0,10,61,22,1,34,1,0,19,0,7,0,12,56,7124,0,0,0,0,83,0,12,0,0,48,0,18,0,0,0,45,0,24,0,6,0,0,0
0,0,0,0,0,0,0,0,0,0,0,0,0,0,0,0,0,0,0,0,0,0,0,0,0,0,0,0,0,0,0,0,0,0,0,0,0,0,0,0,0,0,0,0,0,0,0,0,0,0,0,0,0,0,0,0,0,0,0,0,0,0,0,0,0,0,0,0,0,0,0,0,0,0,0,0,0,0,0,0,0,0,0,0,0,0,0,0,0,0,0,0,0,0,0,0,0,0,0,0,0,0,0,0,0,0,0,0,0,0,0,0,0,0,0,0,0,0,0,0,0,0,0,0,0,0,0,0,0,0,0,0,0,0,0,0,0,0,0,0,0,0,0,0,0,0,0,0,0,0,0,0,0,0,0,0,0,0,0,0,0,0,0,0,0,0,0,0,0,0,0,0,0,0,0,0,0,0,0,0,0,0,0,0,0,0,0,0,0,0,0,0,0,0,0,0,0,0,0,0,0,0,0,0,0,0,0,0,0,0,0,0,0,0,0,0,0
0,0,0,0,0,0,0,0,0,0,0,0,0,0,0,0,0,0,0,0,0,0,0,0,0,0,0,0,0,0,0,0,0,0,0,0,0,0,0,0,0,0,0,0,0,0,0,0,0,0,0,0,0,0,0,0,0,0,0,0,0,0,0,0,0,0,0,0,0,0,0,0,0,0,0,0,0,0,0,0,0,0,0,0,0,0,0,0,0,0,0,0,0,0,0,0,0,0,0,0,0,0,0,0,0,0,0,0,0,0,0,0,0,0,0,0,0,0,0,0,0,0,0,0,0,0,0,0,0,0,0,0,0,0,0,0,0,0,0,0,0,0,0,0,0,0,0,0,0,0,0,0,0,0,0,0,0,0,0,0,0,0,0,0,0,0,0,0,0,0,0,0,0,0,0,0,0,0,0,0,0,0,0,0,0,0,0,0,0,0,0,0,0,0,0,0,0,0,0,0,0,0,0,0,0,0,0,0,0,0,0,0,0,0,0,0,0
0,0,0,0,0,0,0,0,0,0,0,0,0,0,0,0,0,0,0,0,0,0,0,0,0,0,0,0,0,0,0,0,0,0,0,0,0,0,0,0,0,0,0,0,0,0,0,0,0,0,0,0,0,0,0,0,0,0,0,0,0,0,0,0,0,0,0,0,0,0,0,0,0,0,0,0,0,0,0,0,0,0,0,0,0,0,0,0,0,0,0,0,0,0,0,0,0,0,0,0,0,0,0,0,0,0,0,0,0,0,0,0,0,0,0,0,0,0,0,0,0,0,0,0,0,0,0,0,0,0,0,0,0,0,0,0,0,0,0,0,0,0,0,0,0,0,0,0,0,0,0,0,0,0,0,0,0,0,0,0,0,0,0,0,0,0,0,0,0,0,0,0,0,0,0,0,0,0,0,0,0,0,0,0,0,0,0,0,0,0,0,0,0,0,0,0,0,0,0,0,0,0,0,0,0,0,0,0,0,0,0,0,0,0,0,0,0
8,0,6,34,18,13,0,0,0,4,0,0,0,15,0,0,24,11,2,0,0,1,19,0,0,7,0,0,1,6,3,11,0,0,11,0,0,32,202,23,0,6,0,0,0,0,5,15,2,0,0,0,13,843,0,0,0,0,0,6,33,12,0,0,0,1,3,0,0,0,0,0,4,0,8,6,6,0,4,17,3,5,0,94,0,0,0,0,0,8,0,0,0,0,0,51,6,0,0,0,2,4,0,0,0,0,3,1,8,1,72,0,0,0,0,3,30,13,1,54,0,230,0,0,33,2,0,0,0,0,0,0,7,280,68,0,0,44,0,28,0,53,0,0,358,0,22,45,0,34,0,0,0,72,0,0,0,29,45,35,7,0,1,0,0,0,0,0,0,0,201,5,186,0,101,32,5,11,0,0,7,91,15,0,2,4,0,2,0,12,0,8,27,2108,0,0,0,0,63,0,3,0,0,46,0,2,0,0,0,14,0,19,0,3,0,0,0
0,0,0,0,1,0,0,0,0,0,0,0,0,0,0,0,0,0,0,0,0,0,5,0,0,0,0,0,0,1,0,0,0,0,0,0,0,0,3,0,1,10,0,0,0,1,0,0,4,0,0,0,0,17,0,0,0,0,0,0,1,0,0,0,0,0,1,0,0,0,0,0,0,0,0,1,0,0,0,0,0,0,0,0,0,0,0,0,0,0,0,0,0,0,0,1,0,0,0,0,0,0,0,0,0,0,1,0,2,0,1,0,0,0,0,0,0,0,0,2,0,0,0,0,0,0,0,0,0,0,0,0,1,1,1,0,0,0,0,0,0,0,0,0,0,0,0,0,0,0,0,0,0,1,0,0,0,0,0,6,0,0,0,0,0,0,0,0,0,0,6,0,0,0,0,0,0,0,0,0,0,0,0,0,2,0,0,0,0,0,0,0,0,0,0,0,0,0,7,0,0,0,0,4,0,0,0,0,0,0,0,0,0,0,0,0,0
0,0,0,0,0,2,0,0,0,0,0,0,0,4,0,0,26,4,0,0,0,2,13,1,0,4,0,0,3,3,1,3,2,0,0,0,1,6,9,2,0,25,0,0,0,9,0,0,9,0,4,1,4,17,0,0,0,0,0,3,11,0,0,0,2,2,3,0,0,0,8,0,0,7,3,0,8,0,11,5,0,4,0,0,0,0,0,0,0,0,0,0,0,0,0,12,3,0,0,0,8,0,0,0,0,0,8,0,5,0,17,0,0,0,0,1,4,1,2,14,0,11,0,0,9,0,0,0,0,0,0,0,0,18,11,0,0,0,0,472,0,1,9,0,694,0,3,14,0,10,0,0,0,26,0,0,0,10,24,1,5,0,6,0,0,1,0,0,0,0,287,0,19,0,9,12,0,18,0,0,0,49,1,0,0,6,0,2,0,1,0,30,0,10,0,0,0,0,5,0,0,0,0,27,0,0,0,0,0,0,0,1,0,0,0,0,0
4,0,0,1,11,0,0,0,0,0,1,0,0,0,0,0,1,3,1,0,0,0,0,0,0,5,0,0,0,6,0,0,2,0,0,0,0,5,3,0,1,17,0,0,0,2,4,16,0,0,0,3,2,266,0,0,0,0,0,0,1,1,0,0,0,3,0,0,0,0,0,0,2,0,7,0,1,0,0,1,0,0,0,13,0,0,0,0,0,1,0,0,0,0,0,4,0,0,0,0,1,1,0,0,0,0,0,0,0,0,24,0,0,0,0,1,0,7,0,0,0,17,0,0,2,5,0,0,0,0,0,0,0,23,1,0,0,3,0,34,0,0,0,0,38,0,0,13,0,0,0,0,0,4,0,0,0,7,5,8,1,0,1,0,0,1,0,0,0,0,13,0,33,0,29,10,1,2,0,0,1,13,1,0,0,1,0,0,0,0,0,0,1,28,0,0,0,0,0,0,0,0,0,0,0,2,0,0,0,0,0,1,0,0,0,0,0
0,0,0,0,0,0,0,0,0,0,0,0,0,0,0,0,0,0,0,0,0,0,0,0,0,0,0,0,0,0,0,0,0,0,0,0,0,0,0,0,0,0,0,0,0,0,0,0,0,0,0,0,0,0,0,0,0,0,0,0,0,0,0,0,0,0,0,0,0,0,0,0,0,0,0,0,0,0,0,0,0,0,0,0,0,0,0,0,0,0,0,0,0,0,0,0,0,0,0,0,0,0,0,0,0,0,0,0,0,0,0,0,0,0,0,0,0,0,0,0,0,0,0,0,0,0,0,0,0,0,0,0,0,0,0,0,0,0,0,0,0,0,0,0,0,0,0,0,0,0,0,0,0,0,0,0,0,0,0,0,0,0,0,0,0,0,0,0,0,0,0,0,0,0,0,0,0,0,0,0,0,0,0,0,0,0,0,0,0,0,0,0,0,0,0,0,0,0,0,0,0,0,0,0,0,0,0,0,0,0,0,0,0,0,0,0,0
0,0,0,0,0,0,0,0,0,0,0,0,0,0,0,0,12,0,0,0,0,0,0,0,0,0,0,0,0,0,2,0,1,0,0,0,0,2,2,1,0,0,0,0,0,1,0,3,0,0,0,0,0,4,0,0,0,0,0,0,8,0,0,0,0,0,0,0,0,0,0,0,0,0,0,0,0,0,0,0,0,0,0,0,0,0,0,0,0,0,0,0,0,0,0,0,0,0,0,0,0,0,0,0,0,0,0,0,0,0,4,0,0,0,0,0,0,0,0,0,0,0,0,0,0,0,0,0,0,0,0,0,0,0,0,0,0,1,0,0,0,0,1,0,0,0,0,0,0,0,0,0,0,0,0,0,0,0,8,0,1,0,0,0,0,0,0,0,0,0,3,0,0,0,4,0,0,0,0,0,0,0,0,0,0,0,0,0,0,0,0,0,0,0,0,0,0,0,0,0,0,0,0,0,0,0,0,0,0,0,0,0,0,0,0,0,0
0,0,2,17,1,2,0,0,0,0,3,0,0,5,0,0,2,6,0,0,0,1,9,0,0,1,0,0,0,8,10,10,0,0,4,0,0,42,46,20,0,73,0,0,0,0,0,2,2,0,0,0,4,13,0,0,0,0,0,1,0,6,0,0,0,0,0,0,0,0,0,0,0,0,6,7,0,0,0,10,3,4,0,176,0,0,0,0,0,0,0,0,0,0,0,2,2,0,0,0,1,2,0,0,0,0,0,0,2,0,45,0,0,0,0,0,6,1,0,3,0,346,0,0,3,0,0,0,0,0,0,0,6,61,122,0,0,2,0,612,0,5,2,0,8,0,2,2,0,9,0,0,0,22,0,0,0,1,25,10,1,0,3,0,0,0,0,0,0,0,73,0,12,0,64,3,0,2,0,0,3,45,3,0,3,5,0,2,0,1,0,10,0,496,0,0,0,0,42,0,0,0,0,24,0,0,0,0,0,20,0,30,0,0,0,0,0
2,0,0,1,4,1,0,0,0,1,0,0,0,0,0,0,7,14,0,1,0,0,6,1,0,1,0,0,0,0,2,2,1,0,0,0,1,6,7,0,0,18,0,0,0,12,0,10,2,0,0,4,0,254,0,0,0,0,0,3,22,0,0,0,0,0,4,0,0,0,0,0,0,0,2,0,23,0,0,0,0,12,0,161,0,0,0,0,0,0,0,0,0,0,0,4,4,0,0,0,1,0,0,0,0,0,2,0,5,0,12,0,0,0,0,1,0,0,1,5,0,13,0,0,23,1,0,0,0,0,0,0,0,37,4,0,0,4,0,14,0,0,0,0,8,0,0,8,0,0,0,0,0,3,0,0,0,3,2,7,0,0,0,0,0,0,0,0,0,0,25,1,0,0,15,3,2,0,0,0,0,12,7,0,11,3,0,2,0,2,0,0,0,5,0,0,0,0,59,0,3,0,0,13,0,1,0,0,1,13,0,3,0,0,0,0,0
0,0,10,62,259,31,0,0,0,4,10,0,0,26,0,0,611,404,1,3,0,9,1088,121,0,92,0,0,9,212,68,18,36,0,11,6,27,41,168,230,162,3276,0,0,0,583,35,23,260,0,5,31,258,0,0,0,0,0,0,13,165,15,0,0,3,45,223,13,0,0,3,0,50,99,35,16,33,0,2,26,1,35,0,123,0,0,0,0,0,5,0,6,0,0,0,200,5,0,0,0,5,94,0,0,0,0,5,4,14,0,1789,0,0,0,0,8,62,111,28,502,0,94,0,0,428,5,0,0,0,0,0,0,12,1294,47,0,0,128,0,695,0,16,14,0,336,0,4,352,0,6,0,0,0,40,0,0,0,41,163,485,28,0,28,0,0,8,0,0,0,0,681,2,15,0,2557,770,261,38,2,0,3,567,18,2,249,321,0,5,0,6,0,61,6,902,0,0,0,0,303,0,0,0,0,358,0,0,0,0,0,7,0,46,0,0,6,0,0
0,0,0,0,0,0,0,0,0,0,0,0,0,0,0,0,0,0,0,0,0,0,0,0,0,0,0,0,0,0,0,0,0,0,0,0,0,0,0,0,0,0,0,0,0,0,0,0,0,0,0,0,0,0,0,0,0,0,0,0,0,0,0,0,0,0,0,0,0,0,0,0,0,0,0,0,0,0,0,0,0,0,0,0,0,0,0,0,0,0,0,0,0,0,0,0,0,0,0,0,0,0,0,0,0,0,0,0,0,0,0,0,0,0,0,0,0,0,0,0,0,0,0,0,0,0,0,0,0,0,0,0,0,0,0,0,0,0,0,0,0,0,0,0,0,0,0,0,0,0,0,0,0,0,0,0,0,0,0,0,0,0,0,0,0,0,0,0,0,0,0,0,0,0,0,0,0,0,0,0,0,0,0,0,0,0,0,0,0,0,0,0,0,0,0,0,0,0,0,0,0,0,0,0,0,0,0,0,0,0,0,0,0,0,0,0,0
0,0,0,0,0,0,0,0,0,0,0,0,0,0,0,0,0,0,0,0,0,0,0,0,0,0,0,0,0,0,0,0,0,0,0,0,0,0,0,0,0,0,0,0,0,0,0,0,0,0,0,0,0,0,0,0,0,0,0,0,0,0,0,0,0,0,0,0,0,0,0,0,0,0,0,0,0,0,0,0,0,0,0,0,0,0,0,0,0,0,0,0,0,0,0,0,0,0,0,0,0,0,0,0,0,0,0,0,0,0,0,0,0,0,0,0,0,0,0,0,0,0,0,0,0,0,0,0,0,0,0,0,0,0,0,0,0,0,0,0,0,0,0,0,0,0,0,0,0,0,0,0,0,0,0,0,0,0,0,0,0,0,0,0,0,0,0,0,0,0,0,0,0,0,0,0,0,0,0,0,0,0,0,0,0,0,0,0,0,0,0,0,0,0,0,0,0,0,0,0,0,0,0,0,0,0,0,0,0,0,0,0,0,0,0,0,0
0,0,0,0,0,0,0,0,0,0,0,0,0,0,0,0,0,0,0,0,0,0,0,0,0,0,0,0,0,0,0,0,0,0,0,0,0,0,0,0,0,0,0,0,0,0,0,0,0,0,0,0,0,0,0,0,0,0,0,0,1,0,0,0,0,0,0,0,0,0,0,0,0,0,0,0,0,0,0,0,0,0,0,0,0,0,0,0,0,0,0,0,0,0,0,0,0,0,0,0,0,0,0,0,0,0,0,0,0,0,0,0,0,0,0,0,0,0,0,0,0,0,0,0,0,0,0,0,0,0,0,0,0,0,0,0,0,0,0,0,0,0,0,0,0,0,0,0,0,0,0,0,0,0,0,0,0,0,0,0,0,0,0,0,0,0,0,0,0,0,0,0,0,0,0,0,0,0,0,0,0,0,0,0,0,0,0,0,0,0,0,0,0,0,0,0,0,0,0,0,0,0,0,0,0,0,0,0,0,0,0,0,0,0,0,0,0
0,0,0,0,0,0,0,0,0,0,0,0,0,0,0,0,0,0,0,0,0,0,0,0,0,0,0,0,0,0,0,0,0,0,0,0,0,0,0,0,0,0,0,0,0,0,0,0,0,0,0,0,0,0,0,0,0,0,0,0,0,0,0,0,0,0,0,0,0,0,0,0,0,0,0,0,0,0,0,0,0,0,0,0,0,0,0,0,0,0,0,0,0,0,0,0,0,0,0,0,0,0,0,0,0,0,0,0,0,0,0,0,0,0,0,0,0,0,0,0,0,0,0,0,0,0,0,0,0,0,0,0,0,0,0,0,0,0,0,0,0,0,0,0,0,0,0,0,0,0,0,0,0,0,0,0,0,0,0,0,0,0,0,0,0,0,0,0,0,0,0,0,0,0,0,0,0,0,0,0,0,0,0,0,0,0,0,0,0,0,0,0,0,0,0,0,0,0,0,0,0,0,0,0,0,0,0,0,0,0,0,0,0,0,0,0,0
0,0,0,0,0,0,0,0,0,0,0,0,0,0,0,0,0,0,0,0,0,0,0,0,0,0,0,0,0,0,0,0,0,0,0,0,0,0,0,0,0,0,0,0,0,0,0,0,0,0,0,0,0,0,0,0,0,0,0,0,0,0,0,0,0,0,0,0,0,0,0,0,0,0,0,0,0,0,0,0,0,0,0,0,0,0,0,0,0,0,0,0,0,0,0,0,0,0,0,0,0,0,0,0,0,0,0,0,0,0,0,0,0,0,0,0,0,0,0,0,0,0,0,0,0,0,0,0,0,0,0,0,0,0,0,0,0,0,0,0,0,0,0,0,0,0,0,0,0,0,0,0,0,0,0,0,0,0,0,0,0,0,0,0,0,0,0,0,0,0,0,0,0,0,0,0,0,0,0,0,0,0,0,0,0,0,0,0,0,0,0,0,0,0,0,0,0,0,0,0,0,0,0,0,0,0,0,0,0,0,0,0,0,0,0,0,0
0,0,4,4,7,1,0,0,0,0,0,0,0,2,0,0,11,1,0,0,0,3,7,0,0,4,0,0,0,1,1,0,4,0,0,0,0,0,11,5,0,4,0,0,0,2,0,5,0,0,0,1,0,0,0,0,0,0,0,0,3,1,0,0,0,3,0,0,0,0,0,0,0,0,11,3,1,0,0,2,1,1,0,0,0,0,0,0,0,0,0,3,0,0,0,1,0,0,0,0,0,0,0,0,0,0,2,0,1,0,28,0,0,0,0,0,6,1,1,2,0,0,0,0,1,0,0,0,0,0,0,0,0,3,2,0,0,1,0,3,0,0,1,0,6,0,0,11,0,0,0,0,0,0,0,0,0,4,8,6,1,0,3,0,0,1,0,0,0,0,58,0,26,0,44,3,1,4,0,0,0,17,0,0,0,4,0,1,0,0,0,0,0,45,0,0,0,0,6,0,0,0,0,4,0,0,0,0,0,1,0,3,0,0,0,0,0
0,0,5,38,9,0,0,0,0,1,17,0,0,12,0,0,342,30,0,0,0,2,81,0,0,15,0,0,11,31,45,11,0,0,68,0,0,199,213,66,0,26,0,0,0,14,3,15,1,0,11,2,12,104,0,0,0,0,0,2,0,24,0,0,0,1,1,0,0,0,0,0,14,1,6,51,2,0,6,27,3,42,0,82,0,0,0,0,0,25,0,2,0,0,0,23,16,0,0,0,11,7,0,0,0,0,1,0,49,0,159,0,0,6,0,22,11,23,0,79,0,1332,0,0,844,1,0,0,0,0,0,0,4,1437,23,0,0,49,0,14959,0,81,2,0,225,0,13,51,0,13,0,0,0,37,0,0,0,10,93,21,42,0,18,0,0,0,0,0,0,0,83,0,214,0,937,61,0,9,0,0,1,402,29,0,3,6,0,2,0,35,0,3,54,4140,0,0,0,0,110,0,0,0,0,48,0,0,0,0,0,42,0,65,0,0,0,0,0
0,0,0,2,2,0,0,0,0,0,1,0,0,1,0,0,14,0,0,0,0,2,4,0,0,4,0,0,0,0,1,5,1,0,4,0,2,5,24,7,0,91,0,0,0,16,0,0,0,0,0,10,0,25,0,0,0,0,0,1,32,0,0,0,0,1,1,4,0,0,0,0,0,0,2,0,4,0,4,1,0,1,0,0,0,0,0,0,0,0,0,2,0,0,0,10,0,0,0,0,1,0,0,0,0,0,0,1,3,0,6,0,0,0,0,4,3,1,1,4,0,19,0,0,13,0,0,0,0,0,0,0,0,6,10,0,0,2,0,63,0,0,3,0,65,0,1,23,0,0,0,0,0,13,0,0,0,2,7,1,2,0,5,0,0,1,0,0,0,0,29,0,8,0,16,5,0,0,0,0,2,27,1,0,4,5,0,1,0,0,0,0,1,43,0,0,0,0,4,0,0,0,0,11,0,0,0,0,0,4,0,0,0,0,0,0,0
0,0,0,0,0,0,0,0,0,0,0,0,0,0,0,0,0,0,0,0,0,0,0,0,0,0,0,0,0,0,0,0,0,0,0,0,0,0,0,0,0,0,0,0,0,0,0,0,0,0,0,0,0,0,0,0,0,0,0,0,0,0,0,0,0,0,0,0,0,0,0,0,0,0,0,0,0,0,0,0,0,0,0,0,0,0,0,0,0,0,0,0,0,0,0,0,0,0,0,0,0,0,0,0,0,0,0,0,0,0,0,0,0,0,0,0,0,0,0,0,0,0,0,0,0,0,0,0,0,0,0,0,0,0,0,0,0,0,0,0,0,0,0,0,0,0,0,0,0,0,0,0,0,0,0,0,0,0,0,0,0,0,0,0,0,0,0,0,0,0,0,0,0,0,0,0,0,0,0,0,0,0,0,0,0,0,0,0,0,0,0,0,0,0,0,0,0,0,0,0,0,0,0,0,0,0,0,0,0,0,0,0,0,0,0,0,0
0,0,0,0,0,0,0,0,0,0,0,0,0,0,0,0,0,0,0,0,0,0,0,0,0,0,0,0,0,0,0,0,0,0,0,0,0,0,0,0,0,0,0,0,0,0,0,0,0,0,0,0,0,0,0,0,0,0,0,0,0,0,0,0,0,0,0,0,0,0,0,0,0,0,0,0,0,0,0,0,0,0,0,0,0,0,0,0,0,0,0,0,0,0,0,0,0,0,0,0,0,0,0,0,0,0,0,0,0,0,0,0,0,0,0,0,0,0,0,0,0,0,0,0,0,0,0,0,0,0,0,0,0,0,0,0,0,0,0,0,0,0,0,0,0,0,0,0,0,0,0,0,0,0,0,0,0,0,0,0,0,0,0,0,0,0,0,0,0,0,0,0,0,0,0,0,0,0,0,0,0,0,0,0,0,0,0,0,0,0,0,0,0,0,0,0,0,0,0,0,0,0,0,0,0,0,0,0,0,0,0,0,0,0,0,0,0
0,0,0,0,0,0,0,0,0,0,0,0,0,0,0,0,1,0,0,0,0,0,7,0,0,0,0,0,0,0,0,0,0,0,1,0,0,0,9,2,0,0,0,0,0,0,0,1,0,0,0,0,0,3,0,0,0,0,0,0,0,0,0,0,0,0,0,0,0,0,0,0,0,0,0,0,0,0,0,0,0,0,0,0,0,0,0,0,0,0,0,0,0,0,0,1,0,0,0,0,0,0,0,0,0,0,0,0,0,0,0,0,0,0,0,0,2,0,0,0,0,0,0,0,0,0,0,0,0,0,0,0,1,0,0,0,0,0,0,0,0,0,0,0,0,0,0,0,0,0,0,0,0,0,0,0,0,0,0,0,0,0,0,0,0,0,0,0,0,0,0,0,0,0,2,0,0,0,0,0,0,3,0,0,0,1,0,0,0,0,0,0,0,4,0,0,0,0,0,0,0,0,0,8,0,0,0,0,0,0,0,0,0,0,0,0,0
0,0,0,1,19,0,0,0,0,0,1,0,0,0,0,0,3,2,0,13,0,11,0,0,0,69,0,0,0,0,1,1,0,0,0,0,0,1,5,2,0,29,0,0,0,1,0,0,3,0,0,0,0,59,0,0,0,0,0,2,2,1,0,0,0,0,1,0,0,0,0,0,0,0,14,0,0,0,0,1,0,0,0,0,0,0,0,0,0,0,0,0,0,0,0,2,0,0,0,0,0,0,0,0,0,0,0,0,2,0,161,0,0,0,0,0,0,0,0,0,0,25,0,0,17,7,0,0,0,0,0,0,0,20,10,0,0,3,0,56,0,1,0,0,62,0,0,23,0,1,0,0,0,10,0,0,0,41,1,31,0,0,0,0,0,0,0,0,0,0,49,0,9,0,178,86,0,7,8,0,0,262,0,0,1,1,0,1,0,0,0,1,0,13,0,0,0,0,1,0,0,0,0,1,0,0,0,0,0,9,0,0,0,0,0,0,0
1,0,1,3,11,3,0,0,0,0,2,0,0,3,0,0,13,1,0,0,0,0,0,0,0,0,0,0,1,1,0,1,0,0,0,0,0,4,27,1,0,0,0,0,0,2,1,5,0,0,0,0,4,234,0,0,0,0,0,0,5,1,0,0,0,0,0,0,0,0,0,0,0,0,3,0,0,0,0,4,0,3,0,18,0,0,0,0,0,1,0,0,0,0,0,0,0,0,0,0,0,1,0,0,0,0,0,0,2,0,26,0,0,0,0,0,2,6,1,0,0,13,0,0,0,1,0,0,0,0,0,0,0,10,1,0,0,2,0,31,0,0,0,0,34,0,0,7,0,1,0,0,0,2,0,0,0,7,6,12,2,0,1,0,0,0,0,0,0,0,25,1,37,0,16,9,1,1,0,0,1,8,3,0,0,1,0,0,0,0,0,0,0,21,0,0,0,0,12,0,0,0,0,3,0,0,0,0,0,3,0,0,0,0,0,0,0
0,0,0,0,1,3,0,0,0,0,0,0,0,0,0,0,3,0,0,0,0,4,2,0,0,0,0,0,0,0,0,0,0,0,5,0,0,0,10,3,0,1,0,0,0,0,0,0,0,0,0,0,0,5,0,0,0,0,0,1,0,4,0,0,0,0,0,0,0,0,0,0,0,0,1,1,0,0,0,0,0,0,0,0,0,0,0,0,0,0,0,4,0,0,0,1,0,0,0,0,0,0,0,0,0,0,2,0,0,0,0,0,0,0,0,0,0,0,0,1,0,0,0,0,2,0,0,0,0,0,0,0,0,0,0,0,0,0,0,2,0,0,2,0,5,0,0,0,0,0,0,0,0,0,0,0,0,0,8,6,0,0,0,0,0,0,0,0,0,0,12,0,2,0,1,0,0,0,0,0,0,0,0,0,0,1,0,1,0,0,0,0,0,3,0,0,0,0,4,0,0,0,0,2,0,0,0,0,0,0,0,0,0,0,0,0,0
0,0,0,0,0,0,0,0,0,0,0,0,0,0,0,0,0,0,0,0,0,0,0,0,0,0,0,0,0,0,0,0,0,0,0,0,0,0,0,0,0,0,0,0,0,0,0,0,0,0,0,0,0,0,0,0,0,0,0,0,0,0,0,0,0,0,0,0,0,0,0,0,0,0,0,0,0,0,0,0,0,0,0,0,0,0,0,0,0,0,0,0,0,0,0,0,0,0,0,0,0,0,0,0,0,0,0,0,0,0,0,0,0,0,0,0,0,0,0,0,0,0,0,0,0,0,0,0,0,0,0,0,0,0,0,0,0,0,0,0,0,0,0,0,0,0,0,0,0,0,0,0,0,0,0,0,0,0,0,0,0,0,0,0,0,0,0,0,0,0,0,0,0,0,0,0,0,0,0,0,0,0,0,0,0,0,0,0,0,0,0,0,0,0,0,0,0,0,0,0,0,0,0,0,0,0,0,0,0,0,0,0,0,0,0,0,0
0,0,0,0,0,0,0,0,0,0,0,0,0,0,0,0,0,0,0,0,0,0,0,0,0,0,0,0,0,0,0,0,0,0,0,0,0,0,0,0,0,0,0,0,0,0,0,0,0,0,0,0,0,0,0,0,0,0,0,0,0,0,0,0,0,0,0,0,0,0,0,0,0,0,0,0,0,0,0,0,0,0,0,0,0,0,0,0,0,0,0,0,0,0,0,0,0,0,0,0,0,0,0,0,0,0,0,0,0,0,0,0,0,0,0,0,0,0,0,0,0,0,0,0,0,0,0,0,0,0,0,0,0,0,0,0,0,0,0,0,0,0,0,0,0,0,0,0,0,0,0,0,0,0,0,0,0,0,0,0,0,0,0,0,0,0,0,0,0,0,0,0,0,0,0,0,0,0,0,0,0,0,0,0,0,0,0,0,0,0,0,0,0,0,0,0,0,0,0,0,0,0,0,0,0,0,0,0,0,0,0,0,0,0,0,0,0
0,0,1,0,3,0,0,0,0,0,0,0,0,0,0,0,0,0,0,0,0,0,0,0,0,1,0,0,0,1,0,0,0,0,0,0,0,0,2,5,0,1,0,0,0,0,0,4,0,0,0,0,0,1,0,0,0,0,0,0,0,0,0,0,0,0,0,0,0,0,0,0,0,0,1,0,0,0,0,1,0,0,0,0,0,0,0,0,0,0,0,0,0,0,0,0,0,0,0,0,0,0,0,0,0,0,0,0,0,0,4,0,0,0,0,0,0,0,0,0,0,0,0,0,0,0,0,0,0,0,0,0,0,0,0,0,0,0,0,3,0,0,2,0,1,0,0,0,0,0,0,0,0,0,0,0,0,0,5,0,1,0,0,0,0,0,0,0,0,0,4,0,3,0,2,0,0,0,0,0,0,0,0,0,0,0,0,0,0,0,0,0,0,5,0,0,0,0,1,0,0,0,0,0,0,0,0,0,0,0,0,0,0,0,0,0,0
0,0,0,0,0,0,0,0,0,0,0,0,0,0,0,0,0,0,0,0,0,0,0,0,0,0,0,0,0,0,0,0,0,0,0,0,0,0,0,0,0,0,0,0,0,0,0,0,0,0,0,0,0,0,0,0,0,0,0,0,0,0,0,0,0,0,0,0,0,0,0,0,0,0,0,0,0,0,0,0,0,0,0,0,0,0,0,0,0,0,0,0,0,0,0,0,0,0,0,0,0,0,0,0,0,0,0,0,0,0,0,0,0,0,0,0,0,0,0,0,0,0,0,0,0,0,0,0,0,0,0,0,0,0,0,0,0,0,0,0,0,0,0,0,0,0,0,0,0,0,0,0,0,0,0,0,0,0,0,0,0,0,0,0,0,0,0,0,0,0,0,0,0,0,0,0,0,0,0,0,0,0,0,0,0,0,0,0,0,0,0,0,0,0,0,0,0,0,0,0,0,0,0,0,0,0,0,0,0,0,0,0,0,0,0,0,0
0,0,0,0,0,0,0,0,0,0,0,0,0,0,0,0,4,0,0,0,0,0,4,0,0,0,0,0,0,0,1,0,0,0,0,0,0,0,2,1,1,9,0,0,0,2,0,0,0,0,0,0,0,36,0,0,0,0,0,0,12,0,0,0,0,0,0,0,0,0,0,0,0,0,0,0,0,0,0,0,0,0,0,0,0,0,0,0,0,0,0,0,0,0,0,0,0,0,0,0,0,0,0,0,0,0,0,0,0,0,1,0,0,0,0,0,1,0,0,0,0,0,0,0,0,0,0,0,0,0,0,0,0,3,0,0,0,0,0,0,0,0,0,0,0,0,0,0,0,0,0,0,0,0,0,0,0,0,3,5,0,0,0,0,0,0,0,0,0,0,5,0,0,0,0,0,0,0,0,0,0,0,0,0,0,1,0,0,0,0,0,0,0,0,0,0,0,0,0,0,0,0,0,3,0,0,0,0,0,0,0,0,0,0,0,0,0
0,0,1,2,0,0,0,0,0,0,0,0,0,1,0,0,6,0,0,0,0,0,6,0,0,0,0,0,0,1,2,0,0,0,1,0,0,0,4,3,0,0,0,0,0,0,0,5,0,0,0,0,0,57,0,0,0,0,0,2,0,0,0,0,0,0,0,0,0,0,0,0,0,0,1,1,0,0,0,4,0,2,0,0,0,0,0,0,0,0,0,0,0,0,0,0,0,0,0,0,0,0,0,0,0,0,0,0,0,0,1,0,0,0,0,0,4,0,0,0,0,0,0,0,0,0,0,0,0,0,0,0,2,1,0,0,0,0,0,0,0,1,0,0,0,0,0,0,0,0,0,0,0,0,0,0,0,1,3,5,3,0,0,0,0,0,0,0,0,0,6,0,0,0,1,0,0,0,0,0,0,1,0,0,2,0,0,0,0,0,0,0,0,8,0,0,0,0,2,0,0,0,0,2,0,0,0,0,0,0,0,3,0,0,0,0,0
0,0,0,2,34,1,0,0,0,0,1,0,0,0,0,0,15,0,0,1,0,2,3,0,0,21,0,0,1,3,4,1,1,0,1,0,1,1,33,3,0,47,0,0,0,4,0,0,4,0,0,10,1,12,0,0,0,0,0,14,16,0,0,0,0,6,2,0,0,0,1,0,0,2,0,2,3,0,0,0,0,1,0,1,0,0,0,0,0,1,0,0,0,0,0,5,0,0,0,0,0,0,0,0,0,0,0,0,2,0,0,0,0,2,0,1,1,2,0,21,0,5,0,0,80,0,0,0,0,0,0,0,1,16,10,0,0,19,0,42,0,0,0,0,487,0,0,13,0,3,0,0,0,4,0,0,0,2,3,0,0,0,2,0,0,1,0,0,0,0,139,0,30,0,45,0,3,0,0,0,0,27,0,0,2,4,0,0,0,0,0,2,0,27,0,0,0,0,24,0,0,0,0,21,0,0,0,0,1,0,0,5,0,0,0,0,0
0,0,0,13,2,11,0,0,0,0,4,0,0,3,0,0,40,2,0,0,0,1,9,0,0,1,0,0,4,1,21,6,11,0,1,1,4,4,74,10,0,47,0,0,0,16,1,0,0,0,0,14,0,23,0,0,0,0,0,7,52,0,0,0,0,0,1,1,0,0,1,0,0,1,2,0,3,0,1,10,3,0,0,0,0,0,0,0,0,2,0,1,0,0,0,1,0,0,0,0,1,0,0,0,0,0,11,0,3,0,7,0,0,6,0,6,8,1,0,1,0,0,0,0,16,0,0,0,0,0,0,0,1,10,53,0,0,1,0,0,0,0,4,0,38,0,7,8,0,10,0,0,0,37,0,0,0,4,22,3,5,0,9,0,0,0,0,0,0,0,16,0,12,0,46,2,2,1,1,0,3,18,2,0,0,10,0,0,0,0,0,12,0,0,0,0,0,0,2,0,0,0,0,16,0,0,0,0,0,1,0,6,0,0,0,0,0
0,0,1,7,2,5,0,0,0,0,4,0,0,7,0,0,8,1,0,0,0,1,13,0,0,2,0,0,3,21,5,8,0,0,1,0,3,24,130,21,0,14,0,0,0,5,0,4,1,0,0,0,13,21,0,0,0,0,0,1,1,2,0,0,0,1,0,0,0,0,0,0,0,0,6,1,0,0,0,19,4,7,0,8,0,0,0,0,0,7,0,0,0,0,0,13,3,0,0,0,0,0,0,0,0,0,1,0,0,0,16,0,0,2,0,0,10,22,0,3,0,106,0,0,7,0,0,0,0,0,0,0,3,14,216,0,0,3,0,1432,0,6,0,0,268,0,15,5,0,3,0,0,0,27,0,0,0,1,22,6,8,0,2,0,0,0,0,0,0,0,70,1,79,0,44,27,0,1,0,0,3,50,1,0,1,0,0,2,0,2,0,3,0,1329,0,0,0,0,18,0,0,0,0,22,0,0,0,0,0,2,0,12,0,0,0,0,0
0,0,0,0,0,0,0,0,0,0,0,0,0,0,0,0,0,0,0,0,0,0,0,0,0,0,0,0,0,0,0,0,0,0,0,0,0,0,0,0,0,0,0,0,0,0,0,0,0,0,0,0,0,0,0,0,0,0,0,0,0,0,0,0,0,0,0,0,0,0,0,0,0,0,0,0,0,0,0,0,0,0,0,0,0,0,0,0,0,0,0,0,0,0,0,0,0,0,0,0,0,0,0,0,0,0,0,0,0,0,0,0,0,0,0,0,0,0,0,0,0,0,0,0,0,0,0,0,0,0,0,0,0,0,0,0,0,0,0,0,0,0,0,0,0,0,0,0,0,0,0,0,0,0,0,0,0,0,0,0,0,0,0,0,0,0,0,0,0,0,0,0,0,0,0,0,0,0,0,0,0,0,0,0,0,0,0,0,0,0,0,0,0,0,0,0,0,0,0,0,0,0,0,0,0,0,0,0,0,0,0,0,0,0,0,0,0
0,0,3,1,1,1,0,0,0,0,0,0,0,0,0,0,3,0,0,0,0,0,1,0,0,0,0,0,0,1,1,0,0,0,0,0,0,0,7,2,0,0,0,0,0,3,0,9,0,0,0,0,0,0,0,0,0,0,0,0,3,2,0,0,0,0,0,1,0,0,0,0,0,0,0,0,0,0,0,0,0,0,0,0,0,0,0,0,0,0,0,0,0,0,0,2,0,0,0,0,0,0,0,0,0,0,0,0,2,0,12,0,0,0,0,0,0,0,0,0,0,0,0,0,0,0,0,0,0,0,0,0,0,0,0,0,0,0,0,0,0,0,0,0,0,0,0,0,0,0,0,0,0,0,0,0,0,1,1,0,0,0,1,0,0,0,0,0,0,0,14,0,1,0,0,0,0,0,0,0,0,2,0,0,1,1,0,1,0,0,0,1,0,8,0,0,0,0,1,0,0,0,0,0,0,0,0,0,0,0,0,0,0,0,0,0,0
1,0,1,16,1,16,0,0,0,0,0,0,0,2,0,0,49,7,1,0,0,0,26,0,0,2,0,0,9,0,17,8,8,0,8,0,1,9,8,12,0,33,0,0,0,26,0,3,1,0,0,24,0,42,0,0,0,0,0,3,20,0,0,0,0,1,6,0,0,0,1,0,0,4,0,15,14,0,0,0,0,3,0,0,0,0,0,0,0,0,0,0,0,0,0,0,0,0,0,0,0,0,0,0,0,0,0,1,0,0,35,0,0,0,0,5,15,0,0,17,0,371,0,0,7,0,0,0,0,0,0,0,2,13,202,0,0,2,0,437,0,5,2,0,3,0,2,2,0,1,0,0,0,0,0,0,0,5,0,4,0,0,6,0,0,0,0,0,0,0,18,0,0,0,22,3,1,0,0,0,3,7,6,0,5,16,0,1,0,0,0,7,1,347,0,0,0,0,8,0,0,0,0,4,0,0,0,0,0,1,0,2,0,0,0,0,0
0,0,0,1,0,1,0,0,0,0,0,0,0,0,0,0,0,0,0,0,0,0,2,0,0,0,0,0,5,0,3,3,1,0,0,0,1,4,7,1,0,16,0,0,0,6,0,0,0,0,0,3,0,1,0,0,0,0,0,1,3,0,0,0,0,0,0,0,0,0,0,0,0,0,0,3,2,0,0,0,0,2,0,0,0,0,0,0,0,0,0,0,0,0,0,7,0,0,0,0,0,0,0,0,0,0,2,0,1,0,0,0,0,0,0,4,4,0,0,7,0,0,0,0,0,0,0,0,0,0,0,0,0,4,0,0,0,0,0,1,0,1,1,0,0,0,0,0,0,2,0,0,0,0,0,0,0,0,0,2,0,0,0,0,0,0,0,0,0,0,1,0,1,0,0,0,0,0,0,0,0,0,3,0,0,1,0,0,0,0,0,2,2,0,0,0,0,0,1,0,0,0,0,0,0,0,0,0,0,0,0,0,0,0,0,0,0
0,0,2,2,1,4,0,0,0,2,0,0,0,2,0,0,39,0,0,0,0,0,0,0,0,3,0,0,3,2,14,1,9,0,0,1,2,4,57,5,0,18,0,0,0,14,0,9,0,0,0,9,13,10,0,0,0,0,0,1,41,1,0,0,0,1,1,1,0,0,0,0,0,2,0,2,7,0,2,5,2,0,0,0,0,0,0,0,0,2,0,0,0,0,0,5,0,0,0,0,0,2,0,0,0,0,3,1,0,0,10,0,0,2,0,2,7,5,2,0,0,8,0,0,7,0,0,0,0,0,0,0,0,0,11,0,0,11,0,15,0,3,3,0,13,0,4,3,0,12,0,0,0,13,0,0,0,1,30,5,2,0,2,0,0,0,0,0,0,0,18,0,36,0,20,7,0,3,0,0,1,22,1,0,3,8,0,0,0,0,0,6,0,0,0,0,0,0,10,0,0,0,0,63,0,0,0,0,0,2,0,9,0,0,0,0,0
0,0,0,0,0,0,0,0,0,0,0,0,0,0,0,0,0,0,0,0,0,0,0,0,0,0,0,0,0,0,0,0,0,0,0,0,0,0,0,0,0,0,0,0,0,0,0,0,0,0,0,0,0,0,0,0,0,0,0,0,0,0,0,0,0,0,0,0,0,0,0,0,0,0,0,0,0,0,0,0,0,0,0,0,0,0,0,0,0,0,0,0,0,0,0,0,0,0,0,0,0,0,0,0,0,0,0,0,0,0,0,0,0,0,0,0,0,0,0,0,0,0,0,0,0,0,0,0,0,0,0,0,0,0,0,0,0,0,0,0,0,0,0,0,0,0,0,0,0,0,0,0,0,0,0,0,0,0,0,0,0,0,0,0,0,0,0,0,0,0,0,0,0,0,0,0,0,0,0,0,0,0,0,0,0,0,0,0,0,0,0,0,0,0,0,0,0,0,0,0,0,0,0,0,0,0,0,0,0,0,0,0,0,0,0,0,0
0,0,2,67,668,0,0,0,0,0,0,0,0,1,0,0,1444,0,0,0,0,0,441,0,0,38,0,0,0,0,137,2,4,0,0,0,10,294,363,37,5,12,0,0,0,152,0,0,9,0,0,286,228,1457,0,0,0,0,0,0,135,0,0,0,0,0,11,0,0,0,0,0,0,0,1,0,19,0,0,0,0,0,0,0,0,0,0,0,0,0,0,0,0,0,0,3,0,0,0,0,0,0,0,0,0,0,0,0,22,0,542,0,0,0,0,0,63,0,0,372,0,448,0,0,134,0,0,0,0,0,0,0,0,4268,230,0,0,732,0,3209,0,0,6,0,1673,0,38,89,0,44,0,0,0,377,0,0,0,57,132,198,2,0,37,0,0,0,0,0,0,0,81,0,1,0,1806,89,0,0,0,0,0,69,0,0,4,10,0,0,0,1,0,7,0,67,0,0,0,0,735,0,0,0,0,86,0,0,0,0,0,9,0,1,0,0,0,0,0
0,0,0,0,0,0,0,0,0,0,0,0,0,0,0,0,0,0,0,0,0,0,0,0,0,0,0,0,0,0,0,0,0,0,0,0,0,0,0,0,0,0,0,0,0,0,0,0,0,0,0,0,0,0,0,0,0,0,0,0,0,0,0,0,0,0,0,0,0,0,0,0,0,0,0,0,0,0,0,0,0,0,0,0,0,0,0,0,0,0,0,0,0,0,0,0,0,0,0,0,0,0,0,0,0,0,0,0,0,0,0,0,0,0,0,0,0,0,0,0,0,0,0,0,0,0,0,0,0,0,0,0,0,0,0,0,0,0,0,0,0,0,0,0,0,0,0,0,0,0,0,0,0,0,0,0,0,0,0,0,0,0,0,0,0,0,0,0,0,0,0,0,0,0,0,0,0,0,0,0,0,0,0,0,0,0,0,0,0,0,0,0,0,0,0,0,0,0,0,0,0,0,0,0,0,0,0,0,0,0,0,0,0,0,0,0,0
0,0,0,0,0,0,0,0,0,0,0,0,0,0,0,0,0,0,0,0,0,0,0,0,0,0,0,0,0,0,0,0,0,0,0,0,0,0,0,0,0,0,0,0,0,0,0,0,0,0,0,0,0,0,0,0,0,0,0,0,0,0,0,0,0,0,0,0,0,0,0,0,0,0,0,0,0,0,0,0,0,0,0,0,0,0,0,0,0,0,0,0,0,0,0,0,0,0,0,0,0,0,0,0,0,0,0,0,0,0,0,0,0,0,0,0,0,0,0,0,0,0,0,0,0,0,0,0,0,0,0,0,0,0,0,0,0,0,0,0,0,0,0,0,0,0,0,0,0,0,0,0,0,0,0,0,0,0,0,0,0,0,0,0,0,0,0,0,0,0,0,0,0,0,0,0,0,0,0,0,0,0,0,0,0,0,0,0,0,0,0,0,0,0,0,0,0,0,0,0,0,0,0,0,0,0,0,0,0,0,0,0,0,0,0,0,0
0,0,0,0,0,0,0,0,0,0,0,0,0,0,0,0,0,0,0,0,0,0,0,0,0,0,0,0,0,0,0,0,0,0,0,0,0,0,0,0,0,0,0,0,0,0,0,0,0,0,0,0,0,0,0,0,0,0,0,0,0,0,0,0,0,0,0,0,0,0,0,0,0,0,0,0,0,0,0,0,0,0,0,0,0,0,0,0,0,0,0,0,0,0,0,0,0,0,0,0,0,0,0,0,0,0,0,0,0,0,0,0,0,0,0,0,0,0,0,0,0,0,0,0,0,0,0,0,0,0,0,0,0,0,0,0,0,0,0,0,0,0,0,0,0,0,0,0,0,0,0,0,0,0,0,0,0,0,0,0,0,0,0,0,0,0,0,0,0,0,0,0,0,0,0,0,0,0,0,0,0,0,0,0,0,0,0,0,0,0,0,0,0,0,0,0,0,0,0,0,0,0,0,0,0,0,0,0,0,0,0,0,0,0,0,0,0
0,0,0,0,0,0,0,0,0,0,0,0,0,0,0,0,0,0,0,0,0,0,0,0,0,0,0,0,0,0,0,0,0,0,0,0,0,0,0,0,0,0,0,0,0,0,0,0,0,0,0,0,0,0,0,0,0,0,0,0,0,0,0,0,0,0,0,0,0,0,0,0,0,0,0,0,0,0,0,0,0,0,0,0,0,0,0,0,0,0,0,0,0,0,0,0,0,0,0,0,0,0,0,0,0,0,0,0,0,0,0,0,0,0,0,0,0,0,0,0,0,0,0,0,0,0,0,0,0,0,0,0,0,0,0,0,0,0,0,0,0,0,0,0,0,0,0,0,0,0,0,0,0,0,0,0,0,0,0,0,0,0,0,0,0,0,0,0,0,0,0,0,0,0,0,0,0,0,0,0,0,0,0,0,0,0,0,0,0,0,0,0,0,0,0,0,0,0,0,0,0,0,0,0,0,0,0,0,0,0,0,0,0,0,0,0,0
0,0,0,0,0,0,0,0,0,0,0,0,0,0,0,0,0,0,0,0,0,0,0,0,0,0,0,0,0,0,0,0,0,0,0,0,0,0,0,0,0,0,0,0,0,0,0,0,0,0,0,0,0,0,0,0,0,0,0,0,0,0,0,0,0,0,0,0,0,0,0,0,0,0,0,0,0,0,0,0,0,0,0,0,0,0,0,0,0,0,0,0,0,0,0,0,0,0,0,0,0,0,0,0,0,0,0,0,0,0,0,0,0,0,0,0,0,0,0,0,0,0,0,0,0,0,0,0,0,0,0,0,0,0,0,0,0,0,0,0,0,0,0,0,0,0,0,0,0,0,0,0,0,0,0,0,0,0,0,0,0,0,0,0,0,0,0,0,0,0,0,0,0,0,0,0,0,0,0,0,0,0,0,0,0,0,0,0,0,0,0,0,0,0,0,0,0,0,0,0,0,0,0,0,0,0,0,0,0,0,0,0,0,0,0,0,0
0,0,3,7,0,3,0,0,0,0,0,0,0,0,0,0,8,0,0,0,0,0,2,0,0,0,0,0,0,0,2,3,0,0,0,0,0,0,0,0,0,22,0,0,0,3,0,0,0,0,0,0,0,3,0,0,0,0,0,0,12,0,0,0,0,0,0,0,0,0,0,0,0,0,0,2,2,0,0,0,0,0,0,0,0,0,0,0,0,0,0,0,0,0,0,0,0,0,0,0,0,0,0,0,0,0,0,0,0,0,7,0,0,0,0,3,5,0,0,3,0,0,0,0,0,0,0,0,0,0,0,0,0,12,0,0,0,0,0,0,0,2,2,0,0,0,0,0,0,1,0,0,0,0,0,0,0,0,0,0,0,0,0,0,0,0,0,0,0,0,2,0,4,0,1,0,0,0,0,0,0,2,3,0,0,1,0,0,0,0,0,5,0,0,0,0,0,0,1,0,0,0,0,0,0,0,0,0,0,0,0,0,0,0,0,0,0
0,0,0,0,0,0,0,0,0,0,0,0,0,0,0,0,0,0,0,0,0,0,0,0,0,0,0,0,0,0,0,0,0,0,0,0,0,0,0,0,0,0,0,0,0,0,0,0,0,0,0,0,0,0,0,0,0,0,0,0,0,0,0,0,0,0,0,0,0,0,0,0,0,0,0,0,0,0,0,0,0,0,0,0,0,0,0,0,0,0,0,0,0,0,0,0,0,0,0,0,0,0,0,0,0,0,0,0,0,0,0,0,0,0,0,0,0,0,0,0,0,0,0,0,0,0,0,0,0,0,0,0,0,0,0,0,0,0,0,0,0,0,0,0,0,0,0,0,0,0,0,0,0,0,0,0,0,0,0,0,0,0,0,0,0,0,0,0,0,0,0,0,0,0,0,0,0,0,0,0,0,0,0,0,0,0,0,0,0,0,0,0,0,0,0,0,0,0,0,0,0,0,0,0,0,0,0,0,0,0,0,0,0,0,0,0,0
0,0,0,0,0,0,0,0,0,0,0,0,0,0,0,0,0,0,0,0,0,2,2,0,0,1,0,0,0,1,1,0,0,0,4,0,0,1,4,6,0,0,0,0,0,0,0,0,0,0,0,0,0,7,0,0,0,0,0,3,0,2,0,0,0,0,0,4,0,0,0,0,0,0,0,0,0,0,0,0,0,0,0,0,0,0,0,0,0,0,0,0,0,0,0,2,0,0,0,0,0,0,0,0,0,0,0,3,0,0,3,0,0,0,0,0,0,0,1,4,0,1,0,0,75,1,0,0,0,0,0,0,0,4,0,0,0,0,0,6,0,0,0,0,21,0,0,12,0,0,0,0,0,0,0,0,0,1,0,0,0,0,1,0,0,0,0,0,0,0,8,0,1,0,19,3,0,0,0,0,0,9,0,0,3,0,0,0,0,0,0,0,0,19,0,0,0,0,2,0,0,0,0,0,0,0,0,0,0,0,0,0,0,0,0,0,0
0,0,0,0,0,0,0,0,0,0,0,0,0,0,0,0,0,0,0,0,0,0,0,0,0,0,0,0,0,0,0,0,0,0,0,0,0,0,0,0,0,0,0,0,0,0,0,0,0,0,0,0,0,0,0,0,0,0,0,0,0,0,0,0,0,0,0,0,0,0,0,0,0,0,0,0,0,0,0,0,0,0,0,0,0,0,0,0,0,0,0,0,0,0,0,0,0,0,0,0,0,0,0,0,0,0,0,0,0,0,0,0,0,0,0,0,0,0,0,0,0,0,0,0,0,0,0,0,0,0,0,0,0,0,0,0,0,0,0,0,0,0,0,0,0,0,0,0,0,0,0,0,0,0,0,0,0,0,0,0,0,0,0,0,0,0,0,0,0,0,0,0,0,0,0,0,0,0,0,0,0,0,0,0,0,0,0,0,0,0,0,0,0,0,0,0,0,0,0,0,0,0,0,0,0,0,0,0,0,0,0,0,0,0,0,0,0
0,0,0,0,0,0,0,0,0,0,0,0,0,0,0,0,0,0,0,0,0,0,0,0,0,0,0,0,0,0,0,0,0,0,0,0,0,0,0,0,0,0,0,0,0,0,0,0,0,0,0,0,0,0,0,0,0,0,0,0,0,0,0,0,0,0,0,0,0,0,0,0,0,0,0,0,0,0,0,0,0,0,0,0,0,0,0,0,0,0,0,0,0,0,0,0,0,0,0,0,0,0,0,0,0,0,0,0,0,0,0,0,0,0,0,0,0,0,0,0,0,0,0,0,0,0,0,0,0,0,0,0,0,0,0,0,0,0,0,0,0,0,0,0,0,0,0,0,0,0,0,0,0,0,0,0,0,0,0,0,0,0,0,0,0,0,0,0,0,0,0,0,0,0,0,0,0,0,0,0,0,0,0,0,0,0,0,0,0,0,0,0,0,0,0,0,0,0,0,0,0,0,0,0,0,0,0,0,0,0,0,0,0,0,0,0,0
0,0,0,0,0,0,0,0,0,0,0,0,0,0,0,0,0,0,0,0,0,0,0,0,0,0,0,0,0,0,0,0,0,0,0,0,0,0,0,0,0,0,0,0,0,0,0,0,0,0,0,0,0,0,0,0,0,0,0,0,0,0,0,0,0,0,0,0,0,0,0,0,0,0,0,0,0,0,0,0,0,0,0,0,0,0,0,0,0,0,0,0,0,0,0,0,0,0,0,0,0,0,0,0,0,0,0,0,0,0,0,0,0,0,0,0,0,0,0,0,0,0,0,0,0,0,0,0,0,0,0,0,0,0,0,0,0,0,0,0,0,0,0,0,0,0,0,0,0,0,0,0,0,0,0,0,0,0,0,0,0,0,0,0,0,0,0,0,0,0,0,0,0,0,0,0,0,0,0,0,0,0,0,0,0,0,0,0,0,0,0,0,0,0,0,0,0,0,0,0,0,0,0,0,0,0,0,0,0,0,0,0,0,0,0,0,0
1,0,0,12,40,4,0,0,0,1,0,0,0,1,0,0,52,9,0,0,0,2,1,0,0,9,0,0,1,4,13,10,7,0,5,0,0,0,28,0,0,95,0,0,0,51,3,21,6,0,0,3,4,206,0,0,0,0,0,5,15,11,0,0,1,2,0,4,0,0,1,0,0,1,7,0,12,0,2,2,7,6,0,3,0,0,0,0,0,0,0,1,0,0,0,0,5,0,0,0,1,0,0,0,0,0,0,5,4,0,51,0,0,0,0,5,17,1,1,13,0,15,0,0,4,0,0,0,0,0,0,0,0,62,258,0,0,15,0,43,0,5,4,0,70,0,6,9,0,10,0,0,0,18,0,0,0,6,10,0,0,0,2,0,0,1,0,0,0,0,65,0,72,0,51,6,0,3,0,0,2,34,8,0,11,15,0,3,0,2,0,13,1,20,0,0,0,0,21,0,1,0,0,15,0,0,0,0,0,7,0,4,0,0,0,0,0
0,0,0,2,2,0,0,0,0,0,0,0,0,0,0,0,6,0,0,0,0,0,6,0,0,1,0,0,0,7,5,1,2,0,0,0,0,2,24,8,0,33,0,0,0,4,1,4,0,0,0,4,7,6,0,0,0,0,0,0,15,1,0,0,0,0,0,0,0,0,0,0,0,0,2,0,0,0,0,0,0,0,0,0,0,0,0,0,0,0,0,0,0,0,0,5,0,0,0,0,0,2,0,0,0,0,0,0,4,0,11,0,0,0,0,0,0,3,0,13,0,20,0,0,12,0,0,0,0,0,0,0,0,0,17,0,0,22,0,66,0,0,1,0,41,0,0,6,0,0,0,0,0,8,0,0,0,2,5,10,0,0,0,0,0,0,0,0,0,0,45,0,19,0,20,2,0,0,0,0,0,16,0,0,6,6,0,0,0,1,0,0,0,17,0,0,0,0,15,0,0,0,0,7,0,0,0,0,0,2,0,0,0,0,0,0,0
0,0,0,0,0,0,0,0,0,0,0,0,0,0,0,0,0,0,0,0,0,0,0,0,0,0,0,0,0,0,0,0,0,0,0,0,0,0,0,0,0,0,0,0,0,0,0,0,0,0,0,0,0,0,0,0,0,0,0,0,0,0,0,0,0,0,0,0,0,0,0,0,0,0,0,0,0,0,0,0,0,0,0,0,0,0,0,0,0,0,0,0,0,0,0,0,0,0,0,0,0,0,0,0,0,0,0,0,0,0,0,0,0,0,0,0,0,0,0,0,0,0,0,0,0,0,0,0,0,0,0,0,0,0,0,0,0,0,0,0,0,0,0,0,0,0,0,0,0,0,0,0,0,0,0,0,0,0,0,0,0,0,0,0,0,0,0,0,0,0,0,0,0,0,0,0,0,0,0,0,0,0,0,0,0,0,0,0,0,0,0,0,0,0,0,0,0,0,0,0,0,0,0,0,0,0,0,0,0,0,0,0,0,0,0,0,0
0,0,0,0,0,0,0,0,0,0,0,0,0,0,0,0,0,0,0,0,0,0,0,0,0,0,0,0,0,0,0,0,0,0,0,0,0,0,0,0,0,0,0,0,0,0,0,0,0,0,0,0,0,0,0,0,0,0,0,0,0,0,0,0,0,0,0,0,0,0,0,0,0,0,0,0,0,0,0,0,0,0,0,0,0,0,0,0,0,0,0,0,0,0,0,0,0,0,0,0,0,0,0,0,0,0,0,0,0,0,0,0,0,0,0,0,0,0,0,0,0,0,0,0,0,0,0,0,0,0,0,0,0,0,0,0,0,0,0,0,0,0,0,0,0,0,0,0,0,0,0,0,0,0,0,0,0,0,0,0,0,0,0,0,0,0,0,0,0,0,0,0,0,0,0,0,0,0,0,0,0,0,0,0,0,0,0,0,0,0,0,0,0,0,0,0,0,0,0,0,0,0,0,0,0,0,0,0,0,0,0,0,0,0,0,0,0
0,0,0,0,0,0,0,0,0,0,0,0,0,0,0,0,0,0,0,0,0,0,0,0,0,0,0,0,0,0,0,0,0,0,0,0,0,0,0,0,0,0,0,0,0,0,0,0,0,0,0,0,0,0,0,0,0,0,0,0,0,0,0,0,0,0,0,0,0,0,0,0,0,0,0,0,0,0,0,0,0,0,0,0,0,0,0,0,0,0,0,0,0,0,0,0,0,0,0,0,0,0,0,0,0,0,0,0,0,0,0,0,0,0,0,0,0,0,0,0,0,0,0,0,0,0,0,0,0,0,0,0,0,0,0,0,0,0,0,0,0,0,0,0,0,0,0,0,0,0,0,0,0,0,0,0,0,0,0,0,0,0,0,0,0,0,0,0,0,0,0,0,0,0,0,0,0,0,0,0,0,0,0,0,0,0,0,0,0,0,0,0,0,0,0,0,0,0,0,0,0,0,0,0,0,0,0,0,0,0,0,0,0,0,0,0,0
0,0,0,2,0,0,0,0,0,0,2,0,0,0,0,0,0,0,0,0,0,0,1,0,0,0,0,0,1,0,0,0,0,0,2,0,0,0,7,0,0,8,0,0,0,2,0,4,1,0,0,0,0,3,0,0,0,0,0,0,0,1,0,0,0,0,0,0,0,0,0,0,0,0,0,0,0,0,0,1,0,0,0,0,0,0,0,0,0,0,0,0,0,0,0,1,0,0,0,0,0,0,0,0,0,0,1,2,2,0,0,0,0,0,0,0,0,0,0,1,0,0,0,0,2,0,0,0,0,0,0,0,0,0,0,0,0,0,0,4,0,0,0,0,1,0,0,0,0,0,0,0,0,0,0,0,0,0,1,0,1,0,0,0,0,0,0,0,0,0,0,0,5,0,4,0,0,2,0,0,0,7,0,0,3,0,0,1,0,0,0,0,0,3,0,0,0,0,3,0,0,0,0,0,0,0,0,0,0,1,0,1,0,0,0,0,0
0,0,0,0,7,1,0,0,0,1,0,0,0,0,0,0,6,0,0,0,0,0,5,0,0,1,0,0,0,0,0,0,1,0,0,0,0,0,3,0,0,28,0,0,0,6,0,1,0,0,0,3,0,55,0,0,0,0,0,2,8,0,0,0,0,0,0,0,0,0,0,0,0,0,0,0,0,0,0,0,0,2,0,0,0,0,0,0,0,0,0,0,0,0,0,0,1,0,0,0,0,0,0,0,0,0,0,0,1,0,2,0,0,0,0,0,0,0,0,4,0,5,0,0,2,0,0,0,0,0,0,0,0,10,5,0,0,6,0,17,0,0,0,0,2,0,0,1,0,0,0,0,0,3,0,0,0,0,0,4,0,0,1,0,0,0,0,0,0,0,6,0,0,0,4,0,0,1,0,0,0,1,2,0,2,2,0,0,0,0,0,0,0,6,0,0,0,0,4,0,0,0,0,2,0,0,0,0,0,2,0,0,0,0,0,0,0
0,0,0,0,0,0,0,0,0,0,0,0,0,0,0,0,0,0,0,0,0,0,0,0,0,0,0,0,0,0,0,0,0,0,0,0,0,0,0,0,0,0,0,0,0,0,0,0,0,0,0,0,0,0,0,0,0,0,0,0,0,0,0,0,0,0,0,0,0,0,0,0,0,0,0,0,0,0,0,0,0,0,0,0,0,0,0,0,0,0,0,0,0,0,0,0,0,0,0,0,0,0,0,0,0,0,0,0,0,0,0,0,0,0,0,0,0,0,0,0,0,0,0,0,0,0,0,0,0,0,0,0,0,0,0,0,0,0,0,0,0,0,0,0,0,0,0,0,0,0,0,0,0,0,0,0,0,0,0,0,0,0,0,0,0,0,0,0,0,0,0,0,0,0,0,0,0,0,0,0,0,0,0,0,0,0,0,0,0,0,0,0,0,0,0,0,0,0,0,0,0,0,0,0,0,0,0,0,0,0,0,0,0,0,0,0,0
0,0,0,0,0,0,0,0,0,0,0,0,0,0,0,0,0,0,0,0,0,0,0,0,0,0,0,0,0,0,0,0,0,0,0,0,0,0,0,0,0,0,0,0,0,0,0,0,0,0,0,0,0,0,0,0,0,0,0,0,0,0,0,0,0,0,0,0,0,0,0,0,0,0,0,0,0,0,0,0,0,0,0,0,0,0,0,0,0,0,0,0,0,0,0,0,0,0,0,0,0,0,0,0,0,0,0,0,0,0,0,0,0,0,0,0,0,0,0,0,0,0,0,0,0,0,0,0,0,0,0,0,0,0,0,0,0,0,0,0,0,0,0,0,0,0,0,0,0,0,0,0,0,0,0,0,0,0,0,0,0,0,0,0,0,0,0,0,0,0,0,0,0,0,0,0,0,0,0,0,0,0,0,0,0,0,0,0,0,0,0,0,0,0,0,0,0,0,0,0,0,0,0,0,0,0,0,0,0,0,0,0,0,0,0,0,0
0,0,0,0,0,0,0,0,0,0,0,0,0,0,0,0,0,0,0,0,0,0,0,0,0,0,0,0,0,0,0,0,0,0,0,0,0,0,0,0,0,0,0,0,0,0,0,0,0,0,0,0,0,0,0,0,0,0,0,0,0,0,0,0,0,0,0,0,0,0,0,0,0,0,0,0,0,0,0,0,0,0,0,0,0,0,0,0,0,0,0,0,0,0,0,0,0,0,0,0,0,0,0,0,0,0,0,0,0,0,0,0,0,0,0,0,0,0,0,0,0,0,0,0,0,0,0,0,0,0,0,0,0,0,0,0,0,0,0,0,0,0,0,0,0,0,0,0,0,0,0,0,0,0,0,0,0,0,0,0,0,0,0,0,0,0,0,0,0,0,0,0,0,0,0,0,0,0,0,0,0,0,0,0,0,0,0,0,0,0,0,0,0,0,0,0,0,0,0,0,0,0,0,0,0,0,0,0,0,0,0,0,0,0,0,0,0
0,0,0,0,0,0,0,0,0,0,0,0,0,0,0,0,0,0,0,0,0,0,0,0,0,0,0,0,0,0,0,0,0,0,0,0,0,0,0,0,0,0,0,0,0,0,0,0,0,0,0,0,0,0,0,0,0,0,0,0,0,0,0,0,0,0,0,0,0,0,0,0,0,0,0,0,0,0,0,0,0,0,0,0,0,0,0,0,0,0,0,0,0,0,0,0,0,0,0,0,0,0,0,0,0,0,0,0,0,0,0,0,0,0,0,0,0,0,0,0,0,0,0,0,0,0,0,0,0,0,0,0,0,0,0,0,0,0,0,0,0,0,0,0,0,0,0,0,0,0,0,0,0,0,0,0,0,0,0,0,0,0,0,0,0,0,0,0,0,0,0,0,0,0,0,0,0,0,0,0,0,0,0,0,0,0,0,0,0,0,0,0,0,0,0,0,0,0,0,0,0,0,0,0,0,0,0,0,0,0,0,0,0,0,0,0,0
0,0,2,9,2,4,0,0,0,0,0,0,0,1,0,0,23,1,0,0,0,1,1,0,0,1,0,0,0,1,6,2,0,0,5,0,0,1,43,1,0,27,0,0,0,3,1,8,0,0,0,0,0,5,0,0,0,0,0,1,2,0,0,0,0,0,0,2,0,0,0,0,0,0,0,5,1,0,0,0,2,2,0,0,0,0,0,0,0,0,0,0,0,0,0,0,0,0,0,0,1,0,0,0,0,0,0,0,0,0,13,0,0,0,0,1,6,0,0,0,0,2,0,0,3,0,0,0,0,0,0,0,0,9,40,0,0,2,0,7,0,3,0,0,8,0,1,5,0,0,0,0,0,1,0,0,0,1,12,9,0,0,0,0,0,0,0,0,0,0,18,0,6,0,17,1,0,1,0,0,0,19,0,0,1,3,0,0,0,1,0,4,0,3,0,0,0,0,9,0,0,0,0,4,0,0,0,0,0,2,0,8,0,0,0,0,0
0,0,0,0,0,3,0,0,0,0,0,0,0,0,0,0,0,0,0,0,0,0,1,0,0,0,0,0,0,0,2,0,2,0,1,0,0,0,2,3,0,1,0,0,0,1,0,0,0,0,0,0,0,1,0,0,0,0,0,0,0,1,0,0,0,0,0,0,0,0,0,0,0,0,0,0,0,0,0,1,0,0,0,0,0,0,0,0,0,0,0,2,0,0,0,3,0,0,0,0,1,0,0,0,0,0,0,0,0,0,0,0,0,0,0,0,0,0,0,0,0,0,0,0,0,0,0,0,0,0,0,0,0,0,0,0,0,0,0,0,0,0,1,0,0,0,0,0,0,1,0,0,0,2,0,0,0,0,6,0,0,0,1,0,0,0,0,0,0,0,5,0,0,0,0,0,0,0,0,0,0,1,0,0,0,4,0,0,0,0,0,0,0,0,0,0,0,0,0,0,0,0,0,0,0,0,0,0,0,0,0,0,0,0,0,0,0
0,0,2,4,12,4,0,0,0,2,0,0,0,2,0,0,14,7,0,0,0,4,0,0,0,7,0,0,0,3,2,9,5,0,0,0,5,2,16,10,1,22,0,0,0,6,2,7,0,0,0,2,7,13,0,0,0,0,0,1,43,2,0,0,0,1,0,0,0,0,0,0,0,1,1,1,1,0,3,0,0,0,0,15,0,0,0,0,0,0,0,0,0,0,0,2,2,0,0,0,2,2,0,0,0,0,0,0,0,0,25,0,0,0,0,0,10,5,1,0,0,16,0,0,5,0,0,0,0,0,0,0,0,57,6,0,0,1,0,25,0,0,1,0,18,0,3,11,0,0,0,0,0,5,0,0,0,2,29,10,3,0,2,0,0,0,0,0,0,0,45,0,24,0,51,1,0,0,0,0,0,8,0,0,3,11,0,0,0,0,0,2,0,29,0,0,0,0,0,0,0,0,0,9,0,0,0,0,0,1,0,3,0,0,0,0,0
0,0,0,0,0,0,0,0,0,0,0,0,0,0,0,0,1,0,0,0,0,0,2,0,0,0,0,0,0,0,0,0,0,0,0,0,0,0,0,0,1,1,0,0,0,0,0,0,0,0,0,0,0,0,0,0,0,0,0,0,0,0,0,0,0,0,0,0,0,0,0,0,0,0,0,0,0,0,0,0,0,0,0,0,0,0,0,0,0,0,0,0,0,0,0,0,0,0,0,0,0,0,0,0,0,0,0,0,0,0,0,0,0,0,0,0,0,0,0,0,0,0,0,0,0,0,0,0,0,0,0,0,0,1,0,0,0,0,0,0,0,0,0,0,0,0,0,0,0,0,0,0,0,0,0,0,0,0,0,4,0,0,0,0,0,0,0,0,0,0,3,0,0,0,0,0,0,0,0,0,0,0,0,0,0,0,0,0,0,0,0,0,0,0,0,0,0,0,1,0,0,0,0,0,0,0,0,0,0,0,0,0,0,0,0,0,0
0,0,4,42,372,10,0,0,0,8,16,0,0,7,0,0,203,15,0,0,0,9,93,2,0,366,0,0,19,3,77,10,17,0,22,6,8,82,189,54,0,1826,0,0,0,93,1,12,17,0,4,133,14,2025,0,0,0,0,0,63,290,4,0,0,1,127,26,0,0,0,13,0,1,6,1,14,36,0,20,53,0,5,0,561,0,0,0,0,0,16,0,4,0,0,0,59,14,0,0,0,5,0,0,0,0,0,22,0,52,0,0,0,0,6,0,17,18,0,3,91,0,229,0,0,215,1,0,0,0,0,0,0,4,208,101,0,0,164,0,375,0,17,6,0,4264,0,8,1055,0,25,0,0,0,177,0,0,0,913,107,0,9,0,34,0,0,11,0,0,0,0,3348,3,315,0,7909,5090,13,0,11,0,17,1004,17,2,5,32,0,4,0,24,0,31,15,350,0,0,0,0,200,0,4,0,0,54,0,0,0,0,2,29,0,20,0,0,1,0,0
0,0,0,0,0,0,0,0,0,0,0,0,0,0,0,0,0,0,0,0,0,0,0,0,0,0,0,0,0,0,0,0,0,0,0,0,0,0,0,0,0,0,0,0,0,0,0,0,0,0,0,0,0,0,0,0,0,0,0,0,0,0,0,0,0,0,0,0,0,0,0,0,0,0,0,0,0,0,0,0,0,0,0,0,0,0,0,0,0,0,0,0,0,0,0,0,0,0,0,0,0,0,0,0,0,0,0,0,0,0,0,0,0,0,0,0,0,0,0,0,0,0,0,0,0,0,0,0,0,0,0,0,0,0,0,0,0,0,0,0,0,0,0,0,0,0,0,0,0,0,0,0,0,0,0,0,0,0,0,0,0,0,0,0,0,0,0,0,0,0,0,0,0,0,0,0,0,0,0,0,0,0,0,0,0,0,0,0,0,0,0,0,0,0,0,0,0,0,0,0,0,0,0,0,0,0,0,0,0,0,0,0,0,0,0,0,0
0,0,0,0,0,0,0,0,0,0,0,0,0,0,0,0,0,0,0,0,0,0,0,0,0,0,0,0,0,0,0,0,0,0,0,0,0,0,0,0,0,0,0,0,0,0,0,0,0,0,0,0,0,0,0,0,0,0,0,0,0,0,0,0,0,0,0,0,0,0,0,0,0,0,0,0,0,0,0,0,0,0,0,0,0,0,0,0,0,0,0,0,0,0,0,0,0,0,0,0,0,0,0,0,0,0,0,0,0,0,0,0,0,0,0,0,0,0,0,0,0,0,0,0,0,0,0,0,0,0,0,0,0,0,0,0,0,0,0,0,0,0,0,0,0,0,0,0,0,0,0,0,0,0,0,0,0,0,0,0,0,0,0,0,0,0,0,0,0,0,0,0,0,0,0,0,0,0,0,0,0,0,0,0,0,0,0,0,0,0,0,0,0,0,0,0,0,0,0,0,0,0,0,0,0,0,0,0,0,0,0,0,0,0,0,0,0
0,0,0,1,0,1,0,0,0,0,0,0,0,0,0,0,0,0,0,0,0,0,10,0,0,0,0,0,0,1,2,1,0,0,0,0,0,1,9,2,0,0,0,0,0,0,0,0,0,0,0,0,0,0,0,0,0,0,0,0,3,0,0,0,0,0,0,0,0,0,0,0,0,0,0,2,1,0,0,0,0,2,0,0,0,0,0,0,0,0,0,0,0,0,0,0,0,0,0,0,0,0,0,0,0,0,0,0,0,0,3,0,0,0,0,2,2,0,0,4,0,0,0,0,0,0,0,0,0,0,0,0,0,1,0,0,0,1,0,0,0,9,0,0,0,0,0,0,0,0,0,0,0,0,0,0,0,0,0,2,0,0,0,0,0,0,0,0,0,0,1,0,0,0,0,0,0,0,0,0,0,0,2,0,0,1,0,0,0,0,0,2,0,1,0,0,0,0,1,0,0,0,0,0,0,0,0,0,0,0,0,0,0,0,0,0,0
0,0,0,0,0,0,0,0,0,0,0,0,0,0,0,0,0,0,0,0,0,0,0,0,0,0,0,0,0,0,0,0,0,0,0,0,0,0,0,0,0,0,0,0,0,0,0,0,0,0,0,0,0,0,0,0,0,0,0,0,0,0,0,0,0,0,0,0,0,0,0,0,0,0,0,0,0,0,0,0,0,0,0,0,0,0,0,0,0,0,0,0,0,0,0,0,0,0,0,0,0,0,0,0,0,0,0,0,0,0,0,0,0,0,0,0,0,0,0,0,0,0,0,0,0,0,0,0,0,0,0,0,0,0,0,0,0,0,0,0,0,0,0,0,0,0,0,0,0,0,0,0,0,0,0,0,0,0,0,0,0,0,0,0,0,0,0,0,0,0,0,0,0,0,0,0,0,0,0,0,0,0,0,0,0,0,0,0,0,0,0,0,0,0,0,0,0,0,0,0,0,0,0,0,0,0,0,0,0,0,0,0,0,0,0,0,0
0,0,1,10,5,5,0,0,0,0,7,0,0,4,0,0,28,1,0,0,0,0,6,0,0,3,0,0,0,0,10,10,2,0,0,0,1,15,117,5,0,0,0,0,0,3,0,0,1,0,0,2,0,0,0,0,0,0,0,0,15,2,0,0,0,0,0,0,0,0,0,0,0,0,0,5,0,0,0,11,5,0,0,0,0,0,0,0,0,4,0,0,0,0,0,8,0,0,0,0,0,0,0,0,0,0,0,0,0,0,9,0,0,2,0,0,15,0,0,2,0,76,0,0,3,0,0,0,0,0,0,0,7,5,14,0,0,6,0,582,0,3,0,0,260,0,6,0,0,8,0,0,0,26,0,0,0,2,27,7,3,0,10,0,0,0,0,0,0,0,24,0,3,0,121,8,0,6,0,0,0,0,0,0,0,2,0,1,0,0,0,4,2,64,0,0,0,0,1,0,0,0,0,13,0,0,0,0,0,0,0,13,0,0,0,0,0
0,0,1,0,16,1,0,0,0,0,17,0,0,8,0,0,563,2,0,0,0,0,18,0,0,2,0,0,0,0,5,0,4,0,6,1,2,28,203,16,0,28,0,0,0,34,0,3,0,0,0,11,2,88,0,0,0,0,0,11,7,2,0,0,3,0,1,0,0,0,0,0,2,5,2,11,16,0,0,24,4,6,0,52,0,0,0,0,0,11,0,0,0,0,0,23,0,0,0,0,0,0,0,0,0,0,11,0,21,0,28,0,0,5,0,19,0,0,1,39,0,314,0,0,71,0,0,0,0,0,0,0,0,133,17,0,0,29,0,2646,0,17,4,0,245,0,0,28,0,0,0,0,0,142,0,0,0,6,22,15,10,0,14,0,0,0,0,0,0,0,121,0,117,0,82,44,1,1,0,0,1,63,2,1,0,9,0,0,0,5,0,2,8,1429,0,0,0,0,9,0,0,0,0,97,0,1,0,0,0,1,0,24,0,0,0,0,0
0,0,0,0,5,0,0,0,0,0,0,0,0,0,0,0,7,4,0,0,0,0,12,0,0,1,0,0,0,0,1,0,0,0,0,0,0,0,11,0,2,45,0,0,0,8,0,0,5,0,0,0,0,75,0,0,0,0,0,1,19,1,0,0,0,0,4,0,0,0,0,0,0,0,2,0,14,0,0,0,0,3,0,0,0,0,0,0,0,0,0,0,0,0,0,2,3,0,0,0,0,0,0,0,0,0,0,0,3,0,0,0,0,0,0,0,0,0,0,15,0,0,0,0,0,0,0,0,0,0,0,0,0,1,0,0,0,0,0,0,0,0,0,0,0,0,0,1,0,0,0,0,0,0,0,0,0,0,1,11,0,0,1,0,0,0,0,0,0,0,10,0,0,0,0,0,0,0,0,0,0,1,1,0,6,6,0,0,0,0,0,0,0,1,0,0,0,0,0,0,0,0,0,2,0,0,0,0,0,4,0,4,0,0,0,0,0
0,0,0,0,2,0,0,0,0,0,0,0,0,0,0,0,0,0,0,0,0,0,0,0,0,0,0,0,0,0,0,0,0,0,0,0,0,0,0,1,0,0,0,0,0,1,0,0,0,0,0,0,0,15,0,0,0,0,0,1,0,0,0,0,0,0,0,0,0,0,0,0,0,0,1,1,0,0,0,0,0,0,0,0,0,0,0,0,0,0,0,0,0,0,0,1,0,0,0,0,0,0,0,0,0,0,0,0,0,0,0,0,0,0,0,0,0,0,0,0,0,0,0,0,0,0,0,0,0,0,0,0,0,0,0,0,0,0,0,0,0,0,1,0,0,0,0,5,0,0,0,0,0,5,0,0,0,0,0,0,0,0,1,0,0,0,0,0,0,0,0,0,0,0,108,0,0,5,0,0,0,6,0,0,0,1,0,0,0,0,0,0,0,0,0,0,0,0,0,0,0,0,0,0,0,0,0,0,0,0,0,0,0,0,0,0,0
4,0,4,17,45,7,0,0,0,0,0,0,0,2,0,0,29,6,2,1,0,6,0,0,0,4,0,0,4,4,26,8,8,0,8,0,5,0,426,24,2,2,0,0,0,50,6,25,0,0,0,2,8,784,0,0,0,0,0,5,60,2,0,0,0,1,0,1,0,0,0,0,4,0,26,0,2,0,0,21,7,0,0,233,0,0,0,0,0,8,0,4,0,0,0,15,12,0,0,0,0,4,0,0,0,0,3,0,0,0,87,0,0,4,0,2,34,14,0,0,0,67,0,0,11,4,0,0,0,0,0,0,0,22,320,0,0,44,0,244,0,4,0,0,57,0,3,43,0,18,0,0,0,111,0,0,0,19,94,67,17,0,15,0,0,0,0,0,0,0,156,4,69,0,171,23,4,3,0,0,0,89,9,0,7,14,0,1,0,0,0,19,6,80,0,0,0,0,27,0,1,0,0,79,0,4,0,0,0,20,0,32,0,1,0,0,0
0,0,0,0,0,0,0,0,0,0,0,0,0,0,0,0,0,0,0,0,0,0,0,0,0,0,0,0,0,0,0,0,0,0,0,0,0,0,0,0,0,0,0,0,0,0,0,0,0,0,0,0,0,0,0,0,0,0,0,0,0,0,0,0,0,0,0,0,0,0,0,0,0,0,0,0,0,0,0,0,0,0,0,0,0,0,0,0,0,0,0,0,0,0,0,0,0,0,0,0,0,0,0,0,0,0,0,0,0,0,0,0,0,0,0,0,0,0,0,0,0,0,0,0,0,0,0,0,0,0,0,0,0,0,0,0,0,0,0,0,0,0,0,0,0,0,0,0,0,0,0,0,0,0,0,0,0,0,0,0,0,0,0,0,0,0,0,0,0,0,0,0,0,0,0,0,0,0,0,0,0,0,0,0,0,0,0,0,0,0,0,0,0,0,0,0,0,0,0,0,0,0,0,0,0,0,0,0,0,0,0,0,0,0,0,0,0
0,0,5,115,81,49,0,0,0,0,20,0,0,18,0,0,209,7,0,0,0,3,95,3,0,32,0,0,716,3,206,86,52,0,10,0,18,4,68,153,0,3311,0,0,0,283,0,6,13,0,0,398,15,110,0,0,0,0,0,7,1185,16,0,0,1,14,4,0,0,0,0,0,1,1,0,0,90,0,0,206,0,1,0,578,0,0,0,0,0,0,0,1,0,0,0,7,13,0,0,0,0,3,0,0,0,0,2,0,10,0,223,0,0,0,0,47,267,0,0,96,0,0,0,0,1227,0,0,0,0,0,0,0,8,3848,5029,0,0,84,0,1570,0,0,87,0,1266,0,6,55,0,2177,0,0,0,1964,0,0,0,77,2171,107,15,0,87,0,0,1,0,0,0,0,1058,0,374,0,1723,112,0,7,0,0,0,97,26,0,10,106,0,9,0,8,0,327,0,1763,0,0,1467,0,188,0,0,0,0,91,0,0,0,0,0,31,0,62,0,271,0,0,0
0,0,0,0,0,0,0,0,0,0,0,0,0,0,0,0,0,0,0,0,0,0,0,0,0,0,0,0,0,0,0,0,0,0,0,0,0,0,0,0,0,0,0,0,0,0,0,0,0,0,0,0,0,0,0,0,0,0,0,0,0,0,0,0,0,0,0,0,0,0,0,0,0,0,0,0,0,0,0,0,0,0,0,0,0,0,0,0,0,0,0,0,0,0,0,0,0,0,0,0,0,0,0,0,0,0,0,0,0,0,0,0,0,0,0,0,0,0,0,0,0,0,0,0,0,0,0,0,0,0,0,0,0,0,0,0,0,0,0,0,0,0,0,0,0,0,0,0,0,0,0,0,0,0,0,0,0,0,0,0,0,0,0,0,0,0,0,0,0,0,0,0,0,0,0,0,0,0,0,0,0,0,0,0,0,0,0,0,0,0,0,0,0,0,0,0,0,0,0,0,0,0,0,0,0,0,0,0,0,0,0,0,0,0,0,0,0
0,0,0,0,0,0,0,0,0,0,0,0,0,0,0,0,0,0,0,0,0,0,0,0,0,0,0,0,0,0,0,0,0,0,0,0,0,0,0,0,0,0,0,0,0,0,0,0,0,0,0,0,0,0,0,0,0,0,0,0,0,0,0,0,0,0,0,0,0,0,0,0,0,0,0,0,0,0,0,0,0,0,0,0,0,0,0,0,0,0,0,0,0,0,0,0,0,0,0,0,0,0,0,0,0,0,0,0,0,0,0,0,0,0,0,0,0,0,0,0,0,0,0,0,0,0,0,0,0,0,0,0,0,0,0,0,0,0,0,0,0,0,0,0,0,0,0,0,0,0,0,0,0,0,0,0,0,0,0,0,0,0,0,0,0,0,0,0,0,0,0,0,0,0,0,0,0,0,0,0,0,0,0,0,0,0,0,0,0,0,0,0,0,0,0,0,0,0,0,0,0,0,0,0,0,0,0,0,0,0,0,0,0,0,0,0,0
0,0,8,78,87,10,0,0,0,0,19,0,0,24,0,0,544,12,0,0,0,26,34,0,0,31,0,0,0,6,47,21,5,0,29,0,5,30,936,25,0,946,0,0,0,40,0,2,1,0,0,16,6,407,0,0,0,0,0,1,509,7,0,0,2,11,0,0,0,0,0,0,0,0,76,12,7,0,0,9,0,1,0,126,0,0,0,0,0,0,0,61,0,0,0,7,8,0,0,0,3,2,0,0,0,0,4,0,3,0,193,0,0,0,0,2,51,0,0,13,0,1087,0,0,0,2,0,0,0,0,0,0,15,934,13,0,0,19,0,2708,0,4,42,0,4135,0,19,57,0,42,0,0,0,359,0,0,0,60,183,109,9,0,16,0,0,2,0,0,0,0,598,0,83,0,487,64,1,51,2,0,13,68,1,0,0,97,0,7,0,23,0,30,0,2963,0,0,0,0,20,0,0,0,0,47,0,0,0,0,0,7,0,20,0,1,0,0,0
0,0,0,0,1,0,0,0,0,0,0,0,0,0,0,0,0,0,0,0,0,0,1,0,0,0,0,0,0,0,1,0,0,0,2,0,0,0,1,0,0,1,0,0,0,1,0,0,5,0,0,0,1,0,0,0,0,0,0,0,0,0,0,0,0,5,1,0,0,0,0,0,0,0,0,0,0,0,0,0,0,0,0,0,0,0,0,0,0,0,0,1,0,0,0,0,0,0,0,0,0,0,0,0,0,0,0,0,0,0,1,0,0,0,0,0,0,0,0,4,0,0,0,0,0,0,0,0,0,0,0,0,0,4,0,0,0,2,0,0,0,0,1,0,0,0,0,0,0,0,0,0,0,0,0,0,0,11,2,0,0,0,0,0,0,0,0,0,0,0,32,0,3,0,0,10,0,2,0,0,0,0,0,0,0,1,0,0,0,0,0,0,0,0,0,0,0,0,0,0,0,0,0,0,0,0,0,0,0,0,0,0,0,0,0,0,0
0,0,0,0,0,0,0,0,0,0,0,0,0,0,0,0,0,0,0,0,0,0,0,0,0,0,0,0,0,0,0,0,0,0,0,0,0,0,0,0,0,0,0,0,0,0,0,0,0,0,0,0,0,0,0,0,0,0,0,0,0,0,0,0,0,0,0,0,0,0,0,0,0,0,0,0,0,0,0,0,0,0,0,0,0,0,0,0,0,0,0,0,0,0,0,0,0,0,0,0,0,0,0,0,0,0,0,0,0,0,0,0,0,0,0,0,0,0,0,0,0,0,0,0,0,0,0,0,0,0,0,0,0,0,0,0,0,0,0,0,0,0,0,0,0,0,0,0,0,0,0,0,0,0,0,0,0,0,0,0,0,0,0,0,0,0,0,0,0,0,0,0,0,0,0,0,0,0,0,0,0,0,0,0,0,0,0,0,0,0,0,0,0,0,0,0,0,0,0,0,0,0,0,0,0,0,0,0,0,0,0,0,0,0,0,0,0
0,0,0,0,0,0,0,0,0,0,0,0,0,0,0,0,0,0,0,0,0,0,0,0,0,0,0,0,0,0,0,0,0,0,0,0,0,0,0,0,0,0,0,0,0,0,0,0,0,0,0,0,0,0,0,0,0,0,0,0,0,0,0,0,0,0,0,0,0,0,0,0,0,0,0,0,0,0,0,0,0,0,0,0,0,0,0,0,0,0,0,0,0,0,0,0,0,0,0,0,0,0,0,0,0,0,0,0,0,0,0,0,0,0,0,0,0,0,0,0,0,0,0,0,0,0,0,0,0,0,0,0,0,0,0,0,0,0,0,0,0,0,0,0,0,0,0,0,0,0,0,0,0,0,0,0,0,0,0,0,0,0,0,0,0,0,0,0,0,0,0,0,0,0,0,0,0,0,0,0,0,0,0,0,0,0,0,0,0,0,0,0,0,0,0,0,0,0,0,0,0,0,0,0,0,0,0,0,0,0,0,0,0,0,0,0,0
0,0,0,0,0,0,0,0,0,0,0,0,0,0,0,0,0,0,0,0,0,0,0,0,0,0,0,0,0,0,0,0,0,0,0,0,0,0,0,0,0,0,0,0,0,0,0,0,0,0,0,0,0,0,0,0,0,0,0,0,0,0,0,0,0,0,0,0,0,0,0,0,0,0,0,0,0,0,0,0,0,0,0,0,0,0,0,0,0,0,0,0,0,0,0,0,0,0,0,0,0,0,0,0,0,0,0,0,0,0,0,0,0,0,0,0,0,0,0,0,0,0,0,0,0,0,0,0,0,0,0,0,0,0,0,0,0,0,0,0,0,0,0,0,0,0,0,0,0,0,0,0,0,0,0,0,0,0,0,0,0,0,0,0,0,0,0,0,0,0,0,0,0,0,0,0,0,0,0,0,0,0,0,0,0,0,0,0,0,0,0,0,0,0,0,0,0,0,0,0,0,0,0,0,0,0,0,0,0,0,0,0,0,0,0,0,0
0,0,0,0,0,0,0,0,0,0,0,0,0,0,0,0,0,0,0,0,0,0,0,0,0,0,0,0,0,0,0,0,0,0,0,0,0,0,0,0,0,0,0,0,0,0,0,0,0,0,0,0,0,0,0,0,0,0,0,0,0,0,0,0,0,0,0,0,0,0,0,0,0,0,0,0,0,0,0,0,0,0,0,0,0,0,0,0,0,0,0,0,0,0,0,0,0,0,0,0,0,0,0,0,0,0,0,0,0,0,0,0,0,0,0,0,0,0,0,0,0,0,0,0,0,0,0,0,0,0,0,0,0,0,0,0,0,0,0,0,0,0,0,0,0,0,0,0,0,0,0,0,0,0,0,0,0,0,0,0,0,0,0,0,0,0,0,0,0,0,0,0,0,0,0,0,0,0,0,0,0,0,0,0,0,0,0,0,0,0,0,0,0,0,0,0,0,0,0,0,0,0,0,0,0,0,0,0,0,0,0,0,0,0,0,0,0
0,0,0,0,0,0,0,0,0,0,0,0,0,0,0,0,0,0,0,0,0,0,0,0,0,0,0,0,0,0,0,0,0,0,0,0,0,0,0,0,0,0,0,0,0,0,0,0,0,0,0,0,0,0,0,0,0,0,0,0,0,0,0,0,0,0,0,0,0,0,0,0,0,0,0,0,0,0,0,0,0,0,0,0,0,0,0,0,0,0,0,0,0,0,0,0,0,0,0,0,0,0,0,0,0,0,0,0,0,0,0,0,0,0,0,0,0,0,0,0,0,0,0,0,0,0,0,0,0,0,0,0,0,0,0,0,0,0,0,0,0,0,0,0,0,0,0,0,0,0,0,0,0,0,0,0,0,0,0,0,0,0,0,0,0,0,0,0,0,0,0,0,0,0,0,0,0,0,0,0,0,0,0,0,0,0,0,0,0,0,0,0,0,0,0,0,0,0,0,0,0,0,0,0,0,0,0,0,0,0,0,0,0,0,0,0,0
0,0,0,0,0,0,0,0,0,0,0,0,0,0,0,0,0,0,0,0,0,0,0,0,0,0,0,0,0,0,0,0,0,0,0,0,0,0,0,0,0,0,0,0,0,0,0,0,0,0,0,0,0,0,0,0,0,0,0,0,0,0,0,0,0,0,0,0,0,0,0,0,0,0,0,0,0,0,0,0,0,0,0,0,0,0,0,0,0,0,0,0,0,0,0,0,0,0,0,0,0,0,0,0,0,0,0,0,0,0,0,0,0,0,0,0,0,0,0,0,0,0,0,0,0,0,0,0,0,0,0,0,0,0,0,0,0,0,0,0,0,0,0,0,0,0,0,0,0,0,0,0,0,0,0,0,0,0,0,0,0,0,0,0,0,0,0,0,0,0,0,0,0,0,0,0,0,0,0,0,0,0,0,0,0,0,0,0,0,0,0,0,0,0,0,0,0,0,0,0,0,0,0,0,0,0,0,0,0,0,0,0,0,0,0,0,0
0,0,0,0,0,0,0,0,0,0,0,0,0,1,0,0,2,0,0,0,0,0,7,0,0,0,0,0,0,0,7,1,1,0,0,0,1,9,65,0,0,66,0,0,0,8,2,0,0,0,0,8,0,31,0,0,0,0,0,1,4,0,0,0,1,0,0,0,0,0,0,0,0,2,1,1,1,0,0,9,0,0,0,1,0,0,0,0,0,0,0,0,0,0,0,1,0,0,0,0,0,0,0,0,0,0,0,0,1,0,5,0,0,0,0,3,0,0,0,1,0,14,0,0,12,0,0,0,0,0,0,0,0,10,0,0,0,5,0,13,0,2,0,0,29,0,0,1,0,0,0,0,0,27,0,0,0,0,6,0,2,0,8,0,0,0,0,0,0,0,3,0,3,0,34,1,2,0,0,0,0,5,0,0,0,1,0,0,0,0,0,1,0,11,0,0,0,0,0,0,0,0,0,6,0,0,0,0,0,0,0,9,0,0,0,0,0
11,0,8,81,181,33,0,0,0,1,16,0,0,22,0,0,1371,0,0,0,0,7,0,8,0,66,0,0,13,6,148,30,36,0,18,3,33,111,1405,64,2,1378,0,0,0,406,1,30,26,0,0,154,71,2598,0,0,0,0,0,26,1434,5,0,0,0,15,5,2,0,0,0,0,6,3,35,10,18,0,0,34,7,0,0,4277,0,0,0,0,0,28,0,3,0,0,0,63,0,0,0,0,0,7,0,0,0,0,11,0,112,1,255,0,0,1,0,8,110,4,0,7,0,3630,0,0,872,8,0,0,0,0,0,0,6,0,723,0,0,206,0,1744,0,4,16,0,312,0,47,239,0,75,0,0,0,392,0,0,0,96,292,136,24,0,38,0,0,0,0,0,0,0,569,9,424,0,674,153,9,18,1,0,19,309,20,4,29,49,0,3,0,17,0,65,0,794,0,0,0,0,328,0,2,0,0,176,0,5,0,0,0,48,0,72,0,0,0,0,0
0,0,5,4,40,0,0,0,0,1,1,0,0,20,0,0,0,2,0,0,0,0,36,0,0,31,0,0,0,7,57,51,82,0,22,0,1,22,45,50,0,48,0,0,0,58,0,4,1,0,0,181,1,113,0,0,0,0,0,1,31,8,0,0,0,6,1,0,0,0,0,0,0,0,3,21,198,0,0,195,0,4,0,178,0,0,0,0,0,1,0,0,0,0,0,263,12,0,0,0,0,2,0,0,0,0,34,0,3,0,72,0,0,0,0,16,32,0,0,318,0,4662,0,0,14,0,0,0,0,0,0,0,0,207,0,0,0,4,0,1098,0,5,10,0,41,0,113,10,0,70,0,0,0,15,0,0,0,16,589,21,3,0,339,0,0,0,0,0,0,0,89,0,23,0,339,13,0,57,0,0,0,32,9,0,1,33,0,5,0,2,0,42,0,181,0,0,0,0,27,0,0,0,0,177,0,1,0,0,0,17,0,48,0,0,0,0,0
0,0,0,0,0,0,0,0,0,0,0,0,0,0,0,0,0,0,0,0,0,0,0,0,0,0,0,0,0,0,0,0,0,0,0,0,0,0,0,0,0,0,0,0,0,0,0,0,0,0,0,0,0,0,0,0,0,0,0,0,0,0,0,0,0,0,0,0,0,0,0,0,0,0,0,0,0,0,0,0,0,0,0,0,0,0,0,0,0,0,0,0,0,0,0,0,0,0,0,0,0,0,0,0,0,0,0,0,0,0,0,0,0,0,0,0,0,0,0,0,0,0,0,0,0,0,0,0,0,0,0,0,0,0,0,0,0,0,0,0,0,0,0,0,0,0,0,0,0,0,0,0,0,0,0,0,0,0,0,0,0,0,0,0,0,0,0,0,0,0,0,0,0,0,0,0,0,0,0,0,0,0,0,0,0,0,0,0,0,0,0,0,0,0,0,0,0,0,0,0,0,0,0,0,0,0,0,0,0,0,0,0,0,0,0,0,0
0,0,0,0,0,0,0,0,0,0,0,0,0,0,0,0,0,0,0,0,0,0,0,0,0,0,0,0,0,0,0,0,0,0,0,0,0,0,0,0,0,0,0,0,0,0,0,0,0,0,0,0,0,0,0,0,0,0,0,0,0,0,0,0,0,0,0,0,0,0,0,0,0,0,0,0,0,0,0,0,0,0,0,0,0,0,0,0,0,0,0,0,0,0,0,0,0,0,0,0,0,0,0,0,0,0,0,0,0,0,0,0,0,0,0,0,0,0,0,0,0,0,0,0,0,0,0,0,0,0,0,0,0,0,0,0,0,0,0,0,0,0,0,0,0,0,0,0,0,0,0,0,0,0,0,0,0,0,0,0,0,0,0,0,0,0,0,0,0,0,0,0,0,0,0,0,0,0,0,0,0,0,0,0,0,0,0,0,0,0,0,0,0,0,0,0,0,0,0,0,0,0,0,0,0,0,0,0,0,0,0,0,0,0,0,0,0
0,0,3,5,18,2,0,0,0,0,0,0,0,2,0,0,16,10,0,0,0,4,14,0,0,7,0,0,0,0,9,3,6,0,0,0,8,0,30,13,0,21,0,0,0,18,0,0,2,0,0,0,4,127,0,0,0,0,0,0,31,1,0,0,0,0,1,0,0,0,0,0,0,0,20,1,2,0,0,0,0,5,0,483,0,0,0,0,0,0,0,0,0,0,0,20,17,0,0,0,0,3,0,0,0,0,1,0,1,0,109,0,0,0,0,10,19,0,1,24,0,41,0,0,31,4,0,0,0,0,0,0,4,134,2,0,0,0,0,139,0,1,4,0,88,0,0,47,0,0,0,0,0,35,0,0,0,9,41,56,3,0,5,0,0,0,0,0,0,0,38,8,137,0,137,23,7,8,1,0,1,84,11,1,8,16,0,3,0,3,0,1,6,133,0,0,0,0,0,0,3,0,0,31,0,0,0,0,0,0,0,1,0,1,0,0,0
0,0,0,0,0,0,0,0,0,0,0,0,0,0,0,0,0,0,0,0,0,0,0,0,0,0,0,0,0,0,0,0,0,0,0,0,0,0,0,0,0,0,0,0,0,0,0,0,0,0,0,0,0,0,0,0,0,0,0,0,0,0,0,0,0,0,0,0,0,0,0,0,0,0,0,0,0,0,0,0,0,0,0,0,0,0,0,0,0,0,0,0,0,0,0,0,0,0,0,0,0,0,0,0,0,0,0,0,0,0,0,0,0,0,0,0,0,0,0,0,0,0,0,0,0,0,0,0,0,0,0,0,0,0,0,0,0,0,0,0,0,0,0,0,0,0,0,0,0,0,0,0,0,0,0,0,0,0,0,0,0,0,0,0,0,0,0,0,0,0,0,0,0,0,0,0,0,0,0,0,0,0,0,0,0,0,0,0,0,0,0,0,0,0,0,0,0,0,0,0,0,0,0,0,0,0,0,0,0,0,0,0,0,0,0,0,0
0,0,2,494,216,56,0,0,0,0,3,0,0,20,0,0,132,40,0,0,0,12,25,3,0,110,0,0,684,7,547,89,48,0,46,0,29,1,3542,138,1,3594,0,0,0,36,0,379,30,0,0,1091,23,1456,0,0,0,0,0,10,12037,52,0,0,1,38,25,2,0,0,1,0,0,0,26,0,1469,0,0,247,0,9,0,3197,0,0,0,0,0,1,0,5,0,0,0,22,51,0,0,0,4,13,0,0,0,0,6,0,32,0,303,0,0,0,0,472,2486,1,0,491,0,1229,0,0,1749,0,0,0,0,0,0,0,7,1960,3169,0,0,198,0,0,0,0,102,0,133,0,5,102,0,2023,0,0,0,5,0,0,0,64,1648,786,17,0,70,0,0,0,0,0,0,0,2603,0,118,0,716,75,0,33,0,0,0,109,76,0,34,120,0,20,0,22,0,117,0,0,0,0,3,0,368,0,0,0,0,328,0,0,0,0,0,80,0,48,0,239,0,0,0
0,0,0,0,0,0,0,0,0,0,0,0,0,0,0,0,0,0,0,0,0,0,0,0,0,0,0,0,0,0,0,0,0,0,0,0,0,0,0,0,0,0,0,0,0,0,0,0,0,0,0,0,0,0,0,0,0,0,0,0,0,0,0,0,0,0,0,0,0,0,0,0,0,0,0,0,0,0,0,0,0,0,0,0,0,0,0,0,0,0,0,0,0,0,0,0,0,0,0,0,0,0,0,0,0,0,0,0,0,0,0,0,0,0,0,0,0,0,0,0,0,0,0,0,0,0,0,0,0,0,0,0,0,0,0,0,0,0,0,0,0,0,0,0,0,0,0,0,0,0,0,0,0,0,0,0,0,0,0,0,0,0,0,0,0,0,0,0,0,0,0,0,0,0,0,0,0,0,0,0,0,0,0,0,0,0,0,0,0,0,0,0,0,0,0,0,0,0,0,0,0,0,0,0,0,0,0,0,0,0,0,0,0,0,0,0,0
0,0,0,12,1,8,0,0,0,0,2,0,0,1,0,0,52,0,0,0,0,0,1,0,0,0,0,0,9,0,24,10,24,0,2,2,12,2,72,24,0,47,0,0,0,42,0,2,0,0,0,11,0,26,0,0,0,0,0,2,63,0,0,0,1,1,2,0,0,0,0,0,0,4,0,0,7,0,0,11,1,0,0,0,0,0,0,0,0,3,0,0,0,0,0,7,0,0,0,0,1,0,0,0,0,0,3,0,0,0,12,0,0,11,0,3,15,0,0,10,0,0,0,0,7,0,0,0,0,0,0,0,0,6,18,0,0,2,0,0,0,0,8,0,18,0,11,3,0,15,0,0,0,18,0,0,0,1,27,0,5,0,14,0,0,0,0,0,0,0,25,0,19,0,19,1,0,0,0,0,12,10,5,0,0,8,0,0,0,0,0,28,0,0,0,0,0,0,10,0,0,0,0,23,0,0,0,0,0,0,0,10,0,1,0,0,0
0,0,4,11,5,4,0,0,0,0,3,0,0,7,0,0,25,2,0,0,0,4,4,0,0,0,0,0,1,0,4,1,1,0,0,0,2,26,52,5,0,2,0,0,0,1,0,6,0,0,1,1,1,6,0,0,0,0,0,0,7,3,0,0,0,0,0,3,0,0,2,0,0,1,0,4,0,0,0,4,1,3,0,6,0,0,0,0,0,2,0,0,0,0,0,8,1,0,0,0,0,1,0,0,0,0,1,4,0,0,12,0,0,0,0,0,5,0,1,0,0,117,0,0,64,1,0,0,0,0,0,0,0,14,18,0,0,2,0,123,0,7,0,0,17,0,2,4,0,9,0,0,0,34,0,0,0,0,10,0,5,0,0,0,0,0,0,0,0,0,18,0,11,0,12,5,0,0,1,0,0,12,2,0,1,0,0,0,0,0,0,2,1,68,0,0,0,0,0,0,0,0,0,8,0,0,0,0,0,1,0,7,0,1,0,0,0
0,0,0,0,0,0,0,0,0,0,0,0,0,0,0,0,0,0,0,0,0,0,0,0,0,0,0,0,0,0,0,0,0,0,0,0,0,0,0,0,0,0,0,0,0,0,0,0,0,0,0,0,0,0,0,0,0,0,0,0,0,0,0,0,0,0,0,0,0,0,0,0,0,0,0,0,0,0,0,0,0,0,0,0,0,0,0,0,0,0,0,0,0,0,0,0,0,0,0,0,0,0,0,0,0,0,0,0,0,0,0,0,0,0,0,0,0,0,0,0,0,0,0,0,0,0,0,0,0,0,0,0,0,0,0,0,0,0,0,0,0,0,0,0,0,0,0,0,0,0,0,0,0,0,0,0,0,0,0,0,0,0,0,0,0,0,0,0,0,0,0,0,0,0,0,0,0,0,0,0,0,0,0,0,0,0,0,0,0,0,0,0,0,0,0,0,0,0,0,0,0,0,0,0,0,0,0,0,0,0,0,0,0,0,0,0,0
0,0,7,64,11,30,0,0,0,0,1,0,0,9,0,0,156,33,0,0,0,19,52,0,0,544,0,0,0,3,55,46,24,0,22,0,8,9,143,45,0,1531,0,0,0,306,0,594,26,0,0,5,5,636,0,0,0,0,0,5,217,45,0,0,0,41,27,1,0,0,1,0,0,0,375,28,60,0,0,3,0,10,0,1144,0,0,0,0,0,0,0,16,0,0,0,44,34,0,0,0,1,1,0,0,0,0,4,0,11,0,2586,0,0,0,0,182,165,0,6,38,0,800,0,0,3060,0,0,0,0,0,0,0,16,143,26,0,0,66,0,134,0,10,10,0,0,0,0,19,0,0,0,0,0,24,0,0,0,38,134,7,9,0,28,0,0,309,0,0,0,0,562,1,10,0,209,25,0,8,5,0,0,51,17,0,3,71,0,12,0,7,0,93,0,1103,0,0,0,0,109,0,0,0,0,135,0,0,0,0,0,52,0,31,0,0,0,0,0
0,0,0,0,0,0,0,0,0,0,0,0,0,0,0,0,0,0,0,0,0,0,0,0,0,0,0,0,0,0,0,0,0,0,0,0,0,0,0,0,0,0,0,0,0,0,0,0,0,0,0,0,0,0,0,0,0,0,0,0,0,0,0,0,0,0,0,0,0,0,0,0,0,0,0,0,0,0,0,0,0,0,0,0,0,0,0,0,0,0,0,0,0,0,0,0,0,0,0,0,0,0,0,0,0,0,0,0,0,0,0,0,0,0,0,0,0,0,0,0,0,0,0,0,0,0,0,0,0,0,0,0,0,0,0,0,0,0,0,0,0,0,0,0,0,0,0,0,0,0,0,0,0,0,0,0,0,0,0,0,0,0,0,0,0,0,0,0,0,0,0,0,0,0,0,0,0,0,0,0,0,0,0,0,0,0,0,0,0,0,0,0,0,0,0,0,0,0,0,0,0,0,0,0,0,0,0,0,0,0,0,0,0,0,0,0,0
0,0,3,0,1,0,0,0,0,0,0,0,0,0,0,0,3,0,0,0,0,0,6,0,0,2,0,0,0,0,8,0,2,0,3,0,0,0,10,6,0,9,0,0,0,19,0,1,0,0,0,1,0,3,0,0,0,0,0,0,10,1,0,0,0,0,0,0,0,0,0,0,0,0,0,1,5,0,0,0,0,0,0,23,0,0,0,0,0,0,0,0,0,0,0,4,0,0,0,0,0,0,0,0,0,0,1,0,0,0,1,0,0,0,0,2,0,0,0,1,0,8,0,0,7,0,0,0,0,0,0,0,0,7,76,0,0,0,0,7,0,2,0,0,0,0,0,1,0,0,0,0,0,1,0,0,0,4,2,0,0,0,1,0,0,0,0,0,0,0,8,0,2,0,9,0,0,0,0,0,0,18,0,0,0,5,0,1,0,0,0,2,0,43,0,0,0,0,1,0,0,0,0,6,0,0,0,0,0,0,0,8,0,0,0,0,0
0,0,1,8,8,3,0,0,0,0,0,0,0,3,0,0,20,4,0,0,0,7,13,0,0,55,0,0,0,2,13,4,5,0,10,1,0,0,32,26,0,249,0,0,0,49,0,7,8,0,0,8,6,207,0,0,0,0,0,5,33,20,0,0,0,14,7,0,0,0,0,0,0,0,12,5,0,0,0,2,0,0,0,49,0,0,0,0,0,0,0,8,0,0,0,3,4,0,0,0,0,0,0,0,0,0,2,0,3,0,1172,0,0,0,0,0,18,1,0,27,0,28,0,0,48,1,0,0,0,0,0,0,0,139,7,0,0,22,0,84,0,1,1,0,5,0,0,0,0,0,0,0,0,48,0,0,0,122,39,0,0,0,17,0,0,0,0,0,0,0,15,0,8,0,103,162,0,29,0,0,0,0,2,0,0,26,0,1,0,2,0,25,0,155,0,0,0,0,48,0,0,0,0,19,0,0,0,0,0,1,0,12,0,0,0,0,0
0,0,0,0,0,0,0,0,0,0,0,0,0,0,0,0,0,0,0,0,0,0,0,0,0,0,0,0,0,0,0,0,0,0,0,0,0,0,0,0,0,0,0,0,0,0,0,0,0,0,0,0,0,0,0,0,0,0,0,0,0,0,0,0,0,0,0,0,0,0,0,0,0,0,0,0,0,0,0,0,0,0,0,0,0,0,0,0,0,0,0,0,0,0,0,0,0,0,0,0,0,0,0,0,0,0,0,0,0,0,0,0,0,0,0,0,0,0,0,0,0,0,0,0,0,0,0,0,0,0,0,0,0,0,0,0,0,0,0,0,0,0,0,0,0,0,0,0,0,0,0,0,0,0,0,0,0,0,0,0,0,0,0,0,0,0,0,0,0,0,0,0,0,0,0,0,0,0,0,0,0,0,0,0,0,0,0,0,0,0,0,0,0,0,0,0,0,0,0,0,0,0,0,0,0,0,0,0,0,0,0,0,0,0,0,0,0
0,0,0,0,0,0,0,0,0,0,1,0,0,4,0,0,4,0,0,0,0,1,5,0,0,0,0,0,0,0,4,0,1,0,1,0,0,0,9,8,0,11,0,0,0,17,0,5,0,0,0,3,0,1,0,0,0,0,0,0,8,0,0,0,0,0,0,1,0,0,0,0,0,0,3,3,2,0,0,0,1,3,0,21,0,0,0,0,0,0,0,0,0,0,0,5,0,0,0,0,0,0,0,0,0,0,0,1,0,0,6,0,0,0,0,4,0,0,0,13,0,1706,0,0,20,0,0,0,0,0,0,0,0,20,38,0,0,0,0,2075,0,2,6,0,1,0,0,0,0,0,0,0,0,0,0,0,0,1,1,1,0,0,1,0,0,0,0,0,0,0,2,0,2,0,5,0,0,4,0,0,0,15,1,0,0,14,0,0,0,1,0,0,0,219,0,0,0,0,7,0,0,0,0,3,0,0,0,0,0,0,0,18,0,0,0,0,0
0,0,0,0,0,0,0,0,0,0,0,0,0,0,0,0,0,0,0,0,0,0,0,0,0,0,0,0,0,0,0,0,0,0,0,0,0,0,0,0,0,0,0,0,0,0,0,0,0,0,0,0,0,0,0,0,0,0,0,0,0,0,0,0,0,0,0,0,0,0,0,0,0,0,0,0,0,0,0,0,0,0,0,0,0,0,0,0,0,0,0,0,0,0,0,0,0,0,0,0,0,0,0,0,0,0,0,0,0,0,0,0,0,0,0,0,0,0,0,0,0,0,0,0,0,0,0,0,0,0,0,0,0,0,0,0,0,0,0,0,0,0,0,0,0,0,0,0,0,0,0,0,0,0,0,0,0,0,0,0,0,0,0,0,0,0,0,0,0,0,0,0,0,0,0,0,0,0,0,0,0,0,0,0,0,0,0,0,0,0,0,0,0,0,0,0,0,0,0,0,0,0,0,0,0,0,0,0,0,0,0,0,0,0,0,0,0
0,0,0,0,0,0,0,0,0,0,0,0,0,0,0,0,0,0,0,0,0,0,0,0,0,0,0,0,0,0,0,0,0,0,0,0,0,0,0,0,0,0,0,0,0,0,0,0,0,0,0,0,0,0,0,0,0,0,0,0,0,0,0,0,0,0,0,0,0,0,0,0,0,0,0,0,0,0,0,0,0,0,0,0,0,0,0,0,0,0,0,0,0,0,0,0,0,0,0,0,0,0,0,0,0,0,0,0,0,0,0,0,0,0,0,0,0,0,0,0,0,0,0,0,0,0,0,0,0,0,0,0,0,0,0,0,0,0,0,0,0,0,0,0,0,0,0,0,0,0,0,0,0,0,0,0,0,0,0,0,0,0,0,0,0,0,0,0,0,0,0,0,0,0,0,0,0,0,0,0,0,0,0,0,0,0,0,0,0,0,0,0,0,0,0,0,0,0,0,0,0,0,0,0,0,0,0,0,0,0,0,0,0,0,0,0,0
0,0,0,0,0,0,0,0,0,0,0,0,0,0,0,0,0,0,0,0,0,0,0,0,0,0,0,0,0,0,0,0,0,0,0,0,0,0,0,0,0,0,0,0,0,0,0,0,0,0,0,0,0,0,0,0,0,0,0,0,0,0,0,0,0,0,0,0,0,0,0,0,0,0,0,0,0,0,0,0,0,0,0,0,0,0,0,0,0,0,0,0,0,0,0,0,0,0,0,0,0,0,0,0,0,0,0,0,0,0,0,0,0,0,0,0,0,0,0,0,0,0,0,0,0,0,0,0,0,0,0,0,0,0,0,0,0,0,0,0,0,0,0,0,0,0,0,0,0,0,0,0,0,0,0,0,0,0,0,0,0,0,0,0,0,0,0,0,0,0,0,0,0,0,0,0,0,0,0,0,0,0,0,0,0,0,0,0,0,0,0,0,0,0,0,0,0,0,0,0,0,0,0,0,0,0,0,0,0,0,0,0,0,0,0,0,0
0,0,6,20,16,16,0,0,0,0,1,0,0,1,0,0,11,8,0,0,0,2,23,0,0,22,0,0,0,1,33,17,1,0,14,0,0,0,3,31,0,25,0,0,0,35,0,16,2,0,0,9,2,10,0,0,0,0,0,0,17,10,0,0,0,7,1,0,0,0,1,0,0,1,7,14,16,0,0,0,0,2,0,222,0,0,0,0,0,0,0,0,0,0,0,6,5,0,0,0,0,1,0,0,0,0,0,4,3,0,110,0,0,0,0,15,87,0,9,62,0,1432,0,0,357,0,0,0,0,0,0,0,15,221,12,0,0,21,0,5,0,7,26,0,24,0,0,76,0,0,0,0,0,0,0,0,0,15,0,8,0,0,19,0,0,1,0,0,0,0,494,0,30,0,99,43,0,5,0,0,0,461,16,0,4,34,0,3,0,0,0,41,0,488,0,0,0,0,20,0,0,0,0,0,0,0,0,0,0,12,0,0,0,2,0,0,0
0,0,0,0,0,0,0,0,0,0,0,0,0,0,0,0,0,0,0,0,0,0,0,0,0,0,0,0,0,0,0,0,0,0,0,0,0,0,0,0,0,0,0,0,0,0,0,0,0,0,0,0,0,0,0,0,0,0,0,0,0,0,0,0,0,0,0,0,0,0,0,0,0,0,0,0,0,0,0,0,0,0,0,0,0,0,0,0,0,0,0,0,0,0,0,0,0,0,0,0,0,0,0,0,0,0,0,0,0,0,0,0,0,0,0,0,0,0,0,0,0,0,0,0,0,0,0,0,0,0,0,0,0,0,0,0,0,0,0,0,0,0,0,0,0,0,0,0,0,0,0,0,0,0,0,0,0,0,0,0,0,0,0,0,0,0,0,0,0,0,0,0,0,0,0,0,0,0,0,0,0,0,0,0,0,0,0,0,0,0,0,0,0,0,0,0,0,0,0,0,0,0,0,0,0,0,0,0,0,0,0,0,0,0,0,0,0
0,0,0,0,0,0,0,0,0,0,0,0,0,0,0,0,0,0,0,0,0,0,0,0,0,0,0,0,0,0,0,0,0,0,0,0,0,0,0,0,0,0,0,0,0,0,0,0,0,0,0,0,0,0,0,0,0,0,0,0,0,0,0,0,0,0,0,0,0,0,0,0,0,0,0,0,0,0,0,0,0,0,0,0,0,0,0,0,0,0,0,0,0,0,0,0,0,0,0,0,0,0,0,0,0,0,0,0,0,0,0,0,0,0,0,0,0,0,0,0,0,0,0,0,0,0,0,0,0,0,0,0,0,0,0,0,0,0,0,0,0,0,0,0,0,0,0,0,0,0,0,0,0,0,0,0,0,0,0,0,0,0,0,0,0,0,0,0,0,0,0,0,0,0,0,0,0,0,0,0,0,0,0,0,0,0,0,0,0,0,0,0,0,0,0,0,0,0,0,0,0,0,0,0,0,0,0,0,0,0,0,0,0,0,0,0,0
0,0,0,0,0,0,0,0,0,0,0,0,0,0,0,0,0,0,0,0,0,0,0,0,0,0,0,0,0,0,0,0,0,0,0,0,0,0,0,0,0,0,0,0,0,0,0,0,0,0,0,0,0,0,0,0,0,0,0,0,0,0,0,0,0,0,0,0,0,0,0,0,0,0,0,0,0,0,0,0,0,0,0,0,0,0,0,0,0,0,0,0,0,0,0,0,0,0,0,0,0,0,0,0,0,0,0,0,0,0,0,0,0,0,0,0,0,0,0,0,0,0,0,0,0,0,0,0,0,0,0,0,0,0,0,0,0,0,0,0,0,0,0,0,0,0,0,0,0,0,0,0,0,0,0,0,0,0,0,0,0,0,0,0,0,0,0,0,0,0,0,0,0,0,0,0,0,0,0,0,0,0,0,0,0,0,0,0,0,0,0,0,0,0,0,0,0,0,0,0,0,0,0,0,0,0,0,0,0,0,0,0,0,0,0,0,0
0,0,0,3,8,4,0,0,0,0,1,0,0,1,0,0,11,4,0,0,0,18,9,0,0,35,0,0,0,2,4,13,0,0,3,0,0,1,29,5,0,88,0,0,0,27,0,12,6,0,0,4,3,64,0,0,0,0,0,5,17,2,0,0,0,36,3,0,0,0,0,0,0,2,8,2,1,0,1,4,0,1,0,45,0,0,0,0,0,2,0,1,0,0,0,2,1,0,0,0,1,0,0,0,0,0,1,1,1,0,660,0,0,0,0,4,4,0,7,11,0,49,0,0,54,16,0,0,0,0,0,0,0,63,74,0,0,9,0,45,0,0,2,0,22,0,12,206,0,4,0,0,0,12,0,0,0,0,5,7,0,0,7,0,0,8,0,0,0,0,185,0,20,0,461,652,0,40,0,0,1,75,3,0,1,4,0,0,0,0,0,7,0,76,0,0,0,0,39,0,0,0,0,14,0,0,0,0,0,3,0,1,0,0,0,0,0
0,0,24,16,29,0,0,0,0,12,5,0,0,20,0,0,0,53,0,0,0,5,84,15,0,6,0,0,1,2,7,5,0,0,14,0,0,41,35,41,0,470,0,0,0,32,0,26,5,0,22,28,2,200,0,0,0,0,0,11,80,4,0,0,0,4,7,15,0,0,7,0,5,6,1,27,25,0,2,1,0,28,0,111,0,0,0,0,0,0,0,2,0,0,0,7,10,0,0,0,1,0,0,0,0,0,16,7,40,0,103,0,0,0,0,31,15,1,1,93,0,1913,0,0,233,2,0,0,0,0,0,0,2,272,466,0,0,56,0,1803,0,39,12,0,177,0,4,70,0,4,0,0,0,0,0,0,0,7,0,3,0,0,26,0,0,3,0,0,0,0,214,0,155,0,241,64,0,1,1,0,1,133,24,0,4,37,0,4,0,13,0,26,1,93,0,0,0,0,7,0,0,0,0,0,0,0,0,0,0,14,0,5,0,0,0,0,0
7,0,0,0,3,0,0,0,0,0,1,0,0,3,0,0,34,12,2,0,0,2,40,3,0,27,0,0,0,3,3,1,0,0,6,2,0,11,68,15,0,22,0,0,0,31,7,6,8,0,0,19,8,789,0,0,0,0,0,8,32,0,0,0,0,18,13,4,0,0,0,0,5,7,1,0,12,0,0,6,3,10,0,126,0,0,0,0,0,3,0,0,0,0,0,0,12,0,0,0,0,8,0,0,0,0,16,0,21,5,0,0,0,2,0,9,12,16,0,80,0,115,0,0,72,0,0,0,0,0,0,0,1,103,28,0,0,48,0,1371,0,0,0,0,1,0,1,2,0,2,0,0,0,7,0,0,0,2,4,0,1,0,2,0,0,0,0,0,0,0,4,0,173,0,242,0,0,0,0,0,1,12,0,0,4,8,0,0,0,0,0,2,1,49,0,0,0,0,65,0,0,0,0,20,0,7,0,0,0,24,0,12,0,0,0,0,0
0,0,1,2,1,1,0,0,0,2,0,0,0,1,0,0,1,5,0,0,0,0,12,0,0,4,0,0,0,0,6,1,0,0,0,0,0,3,8,4,0,39,0,0,0,5,0,7,1,0,1,0,0,31,0,0,0,0,0,1,8,1,0,0,0,0,2,0,0,0,0,0,0,2,0,5,5,0,2,0,0,3,0,3,0,0,0,0,0,0,0,0,0,0,0,0,0,0,0,0,0,0,0,0,0,0,0,0,3,0,7,0,0,0,0,5,6,0,0,13,0,19,0,0,13,0,0,0,0,0,0,0,2,18,1,0,0,7,0,20,0,2,4,0,10,0,0,2,0,0,0,0,0,0,0,0,0,0,0,0,0,0,2,0,0,0,0,0,0,0,38,0,11,0,9,4,0,0,0,0,0,4,2,0,3,13,0,0,0,1,0,2,5,16,0,0,0,0,9,0,0,0,0,0,0,0,0,0,0,1,0,4,0,0,0,0,0
0,0,0,0,0,0,0,0,0,0,0,0,0,0,0,0,0,0,0,0,0,0,0,0,0,0,0,0,0,0,0,0,0,0,0,0,0,0,0,0,0,0,0,0,0,0,0,0,0,0,0,0,0,0,0,0,0,0,0,0,0,0,0,0,0,0,0,0,0,0,0,0,0,0,0,0,0,0,0,0,0,0,0,0,0,0,0,0,0,0,0,0,0,0,0,0,0,0,0,0,0,0,0,0,0,0,0,0,0,0,0,0,0,0,0,0,0,0,0,0,0,0,0,0,0,0,0,0,0,0,0,0,0,0,0,0,0,0,0,0,0,0,0,0,0,0,0,0,0,0,0,0,0,0,0,0,0,0,0,0,0,0,0,0,0,0,0,0,0,0,0,0,0,0,0,0,0,0,0,0,0,0,0,0,0,0,0,0,0,0,0,0,0,0,0,0,0,0,0,0,0,0,0,0,0,0,0,0,0,0,0,0,0,0,0,0,0
0,0,1,0,3,0,0,0,0,2,3,0,0,0,0,0,1,0,0,0,0,0,6,0,0,0,0,0,0,1,0,0,0,0,1,0,0,11,34,7,0,126,0,0,0,1,1,5,1,0,0,1,0,23,0,0,0,0,0,6,19,3,0,0,0,1,2,0,0,0,1,0,0,0,0,4,3,0,1,8,0,1,0,16,0,0,0,0,0,0,0,1,0,0,0,4,0,0,0,0,0,0,0,0,0,0,1,4,5,0,22,0,0,0,0,8,9,1,1,12,0,48,0,0,11,0,0,0,0,0,0,0,6,29,347,0,0,10,0,46,0,1,1,0,30,0,3,7,0,2,0,0,0,18,0,0,0,2,12,2,6,0,0,0,0,0,0,0,0,0,61,0,10,0,78,4,0,2,0,0,0,38,1,0,1,5,0,1,0,5,0,0,0,142,0,0,0,0,6,0,0,0,0,9,0,0,0,0,0,1,0,6,0,0,0,0,0
0,0,0,0,0,0,0,0,0,0,0,0,0,0,0,0,0,0,0,0,0,0,0,0,0,0,0,0,0,0,0,0,0,0,0,0,0,0,0,0,0,0,0,0,0,0,0,0,0,0,0,0,0,0,0,0,0,0,0,0,0,0,0,0,0,0,0,0,0,0,0,0,0,0,0,0,0,0,0,0,0,0,0,0,0,0,0,0,0,0,0,0,0,0,0,0,0,0,0,0,0,0,0,0,0,0,0,0,0,0,0,0,0,0,0,0,0,0,0,0,0,0,0,0,0,0,0,0,0,0,0,0,0,0,0,0,0,0,0,0,0,0,0,0,0,0,0,0,0,0,0,0,0,0,0,0,0,0,0,0,0,0,0,0,0,0,0,0,0,0,0,0,0,0,0,0,0,0,0,0,0,0,0,0,0,0,0,0,0,0,0,0,0,0,0,0,0,0,0,0,0,0,0,0,0,0,0,0,0,0,0,0,0,0,0,0,0
0,0,0,0,0,0,0,0,0,0,0,0,0,0,0,0,0,0,0,0,0,0,0,0,0,0,0,0,0,0,0,0,0,0,0,0,0,0,0,0,0,0,0,0,0,0,0,0,0,0,0,0,0,0,0,0,0,0,0,0,0,0,0,0,0,0,0,0,0,0,0,0,0,0,0,0,0,0,0,0,0,0,0,0,0,0,0,0,0,0,0,0,0,0,0,0,0,0,0,0,0,0,0,0,0,0,0,0,0,0,0,0,0,0,0,0,0,0,0,0,0,0,0,0,0,0,0,0,0,0,0,0,0,0,0,0,0,0,0,0,0,0,0,0,0,0,0,0,0,0,0,0,0,0,0,0,0,0,0,0,0,0,0,0,0,0,0,0,0,0,0,0,0,0,0,0,0,0,0,0,0,0,0,0,0,0,0,0,0,0,0,0,0,0,0,0,0,0,0,0,0,0,0,0,0,0,0,0,0,0,0,0,0,0,0,0,0
0,0,0,0,2,0,0,0,0,0,0,0,0,0,0,0,0,1,0,0,0,1,0,0,0,41,0,0,0,0,0,0,0,0,0,0,0,0,0,1,0,0,0,0,0,0,0,0,1,0,0,0,0,3,0,0,0,0,0,0,0,0,0,0,0,0,0,0,0,0,0,0,0,0,1,0,0,0,0,0,0,0,0,0,0,0,0,0,0,0,0,0,0,0,0,1,0,0,0,0,0,0,0,0,0,0,0,0,0,0,6,0,0,0,0,0,0,0,0,0,0,0,0,0,0,0,0,0,0,0,0,0,0,0,0,0,0,0,0,0,0,0,0,0,173,0,0,0,0,0,0,0,0,0,0,0,0,6,3,0,0,0,0,0,0,0,0,0,0,0,6,0,0,0,1,3,0,0,0,0,0,26,0,0,0,0,0,0,0,0,0,0,0,2,0,0,0,0,0,0,0,0,0,0,0,0,0,0,0,0,0,2,0,0,0,0,0
0,0,0,0,0,0,0,0,0,0,0,0,0,0,0,0,0,0,0,0,0,0,0,0,0,0,0,0,0,0,0,0,0,0,0,0,0,0,0,0,0,0,0,0,0,0,0,0,0,0,0,0,0,0,0,0,0,0,0,0,0,0,0,0,0,0,0,0,0,0,0,0,0,0,0,0,0,0,0,0,0,0,0,0,0,0,0,0,0,0,0,0,0,0,0,0,0,0,0,0,0,0,0,0,0,0,0,0,0,0,0,0,0,0,0,0,0,0,0,0,0,0,0,0,0,0,0,0,0,0,0,0,0,0,0,0,0,0,0,0,0,0,0,0,0,0,0,0,0,0,0,0,0,0,0,0,0,0,0,0,0,0,0,0,0,0,0,0,0,0,0,0,0,0,0,0,0,0,0,0,0,0,0,0,0,0,0,0,0,0,0,0,0,0,0,0,0,0,0,0,0,0,0,0,0,0,0,0,0,0,0,0,0,0,0,0,0
0,0,0,0,0,0,0,0,0,0,0,0,0,0,0,0,0,0,0,0,0,0,0,0,0,0,0,0,0,0,0,0,0,0,0,0,0,0,0,0,0,0,0,0,0,0,0,0,0,0,0,0,0,0,0,0,0,0,0,0,0,0,0,0,0,0,0,0,0,0,0,0,0,0,0,0,0,0,0,0,0,0,0,0,0,0,0,0,0,0,0,0,0,0,0,0,0,0,0,0,0,0,0,0,0,0,0,0,0,0,0,0,0,0,0,0,0,0,0,0,0,0,0,0,0,0,0,0,0,0,0,0,0,0,0,0,0,0,0,0,0,0,0,0,0,0,0,0,0,0,0,0,0,0,0,0,0,0,0,0,0,0,0,0,0,0,0,0,0,0,0,0,0,0,0,0,0,0,0,0,0,0,0,0,0,0,0,0,0,0,0,0,0,0,0,0,0,0,0,0,0,0,0,0,0,0,0,0,0,0,0,0,0,0,0,0,0
0,0,0,0,0,0,0,0,0,0,0,0,0,0,0,0,0,0,0,0,0,0,0,0,0,0,0,0,0,0,0,0,0,0,0,0,0,0,0,0,0,0,0,0,0,0,0,0,0,0,0,0,0,0,0,0,0,0,0,0,0,0,0,0,0,0,0,0,0,0,0,0,0,0,0,0,0,0,0,0,0,0,0,0,0,0,0,0,0,0,0,0,0,0,0,0,0,0,0,0,0,0,0,0,0,0,0,0,0,0,0,0,0,0,0,0,0,0,0,0,0,0,0,0,0,0,0,0,0,0,0,0,0,0,0,0,0,0,0,0,0,0,0,0,0,0,0,0,0,0,0,0,0,0,0,0,0,0,0,0,0,0,0,0,0,0,0,0,0,0,0,0,0,0,0,0,0,0,0,0,0,0,0,0,0,0,0,0,0,0,0,0,0,0,0,0,0,0,0,0,0,0,0,0,0,0,0,0,0,0,0,0,0,0,0,0,0
0,0,0,0,0,0,0,0,0,0,0,0,0,0,0,0,0,0,0,0,0,0,0,0,0,0,0,0,0,0,0,0,0,0,0,0,0,0,0,0,0,0,0,0,0,0,0,0,0,0,0,0,0,0,0,0,0,0,0,0,0,0,0,0,0,0,0,0,0,0,0,0,0,0,0,0,0,0,0,0,0,0,0,0,0,0,0,0,0,0,0,0,0,0,0,0,0,0,0,0,0,0,0,0,0,0,0,0,0,0,0,0,0,0,0,0,0,0,0,0,0,0,0,0,0,0,0,0,0,0,0,0,0,0,0,0,0,0,0,0,0,0,0,0,0,0,0,0,0,0,0,0,0,0,0,0,0,0,0,0,0,0,0,0,0,0,0,0,0,0,0,0,0,0,0,0,0,0,0,0,0,0,0,0,0,0,0,0,0,0,0,0,0,0,0,0,0,0,0,0,0,0,0,0,0,0,0,0,0,0,0,0,0,0,0,0,0
0,0,6,48,175,8,0,0,0,19,24,0,0,26,0,0,88,33,0,0,0,143,105,3,0,949,0,0,17,4,63,25,19,0,44,13,28,115,561,72,0,813,0,0,0,202,8,285,10,0,3,167,37,721,0,0,0,0,0,123,93,28,0,0,1,46,29,20,0,0,5,0,7,12,194,17,85,0,19,31,1,19,0,73,0,0,0,0,0,6,0,7,0,0,0,68,37,0,0,0,2,15,0,0,0,0,28,11,70,4,2968,0,0,1,0,40,98,22,6,195,0,874,0,0,691,39,0,0,0,0,0,0,2,615,132,0,0,55,0,2767,0,29,24,0,962,0,21,64,0,20,0,0,0,472,0,0,0,101,232,25,41,0,76,0,0,10,0,0,0,0,0,8,286,0,267,494,2,88,1,0,19,1061,49,2,47,65,0,7,0,34,0,41,26,670,0,0,0,0,63,0,13,0,0,102,0,0,0,0,1,49,0,37,0,0,1,0,0
0,0,0,0,0,0,0,0,0,0,0,0,0,0,0,0,7,0,0,0,0,0,4,0,0,1,0,0,0,0,0,0,0,0,0,0,0,0,0,0,0,9,0,0,0,4,0,0,0,0,0,0,1,1,0,0,0,0,0,0,0,0,0,0,0,0,1,0,0,0,0,0,0,0,0,0,0,0,0,0,0,0,0,0,0,0,0,0,0,0,0,0,0,0,0,0,0,0,0,0,0,0,0,0,0,0,0,0,0,0,3,0,0,0,0,0,0,0,0,3,0,0,0,0,0,0,0,0,0,0,0,0,0,5,0,0,0,1,0,0,0,0,0,0,2,0,0,0,0,0,0,0,0,0,0,0,0,0,0,0,0,0,0,0,0,0,0,0,0,0,6,0,0,0,0,0,0,0,0,0,0,0,0,0,0,0,0,0,0,0,0,0,0,1,0,0,0,0,0,0,0,0,0,0,0,0,0,0,0,0,0,0,0,0,0,0,0
0,0,10,18,44,31,0,0,0,8,0,0,0,13,0,0,75,34,0,0,0,12,52,0,0,54,0,0,3,2,34,18,26,0,3,1,8,1,42,46,4,54,0,0,0,95,0,6,29,0,0,10,0,5,0,0,0,0,0,24,204,5,0,0,1,14,26,1,0,0,1,0,0,0,20,7,55,0,2,0,1,21,0,2,0,0,0,0,0,12,0,5,0,0,0,63,13,0,0,0,7,0,0,0,0,0,5,0,12,0,153,0,0,0,0,9,88,1,4,52,0,199,0,0,94,5,0,0,0,0,0,0,2,264,14,0,0,79,0,73,0,18,8,0,4,0,12,28,0,21,0,0,0,68,0,0,0,11,166,9,18,0,14,0,0,0,0,0,0,0,290,0,0,0,57,10,0,9,0,0,1,85,5,0,2,48,0,4,0,4,0,54,12,369,0,0,0,0,135,0,0,0,0,162,0,0,0,0,0,22,0,9,0,0,1,0,0
0,0,0,0,0,0,0,0,0,0,0,0,0,0,0,0,0,0,0,0,0,0,0,0,0,0,0,0,0,0,0,0,0,0,0,0,0,0,0,0,0,0,0,0,0,0,0,0,0,0,0,0,0,0,0,0,0,0,0,0,0,0,0,0,0,0,0,0,0,0,0,0,0,0,0,0,0,0,0,0,0,0,0,0,0,0,0,0,0,0,0,0,0,0,0,0,0,0,0,0,0,0,0,0,0,0,0,0,0,0,0,0,0,0,0,0,0,0,0,0,0,0,0,0,0,0,0,0,0,0,0,0,0,0,0,0,0,0,0,0,0,0,0,0,0,0,0,0,0,0,0,0,0,0,0,0,0,0,0,0,0,0,0,0,0,0,0,0,0,0,0,0,0,0,0,0,0,0,0,0,0,0,0,0,0,0,0,0,0,0,0,0,0,0,0,0,0,0,0,0,0,0,0,0,0,0,0,0,0,0,0,0,0,0,0,0,0
0,0,9,136,168,5,0,0,0,4,15,0,0,23,0,0,196,20,1,0,0,7,187,2,0,793,0,0,17,3,135,29,21,0,12,0,12,126,226,84,0,1208,0,0,0,99,0,5,21,0,4,123,14,2617,0,0,0,0,0,45,997,14,0,0,6,207,15,1,0,0,3,0,0,6,85,46,43,0,5,39,0,20,0,1727,0,0,0,0,0,2,0,21,0,0,0,43,19,0,0,0,7,2,0,0,0,0,17,2,62,0,6550,0,0,0,0,187,54,0,180,171,0,950,0,0,618,0,0,0,0,0,0,0,19,408,595,0,0,203,0,960,0,21,11,0,181,0,18,172,0,23,0,0,0,130,0,0,0,474,205,414,15,0,81,0,0,1,0,0,0,0,107,0,90,0,0,0,1,349,0,0,15,50,9,0,0,66,0,7,0,8,0,54,21,334,0,0,0,0,119,0,0,0,0,80,0,0,0,0,0,27,0,63,0,0,0,0,0
0,0,0,2,47,2,0,0,0,0,0,0,0,2,0,0,25,3,0,1,0,5,20,0,0,219,0,0,0,4,20,2,1,0,3,0,0,0,54,18,0,237,0,0,0,20,0,5,7,0,0,1,0,876,0,0,0,0,0,4,47,5,0,0,0,61,7,0,0,0,0,0,0,0,0,1,11,0,0,2,0,4,0,41,0,0,0,0,0,0,0,2,0,0,0,4,0,0,0,0,0,0,0,0,0,0,1,1,1,0,2673,0,0,0,0,10,23,0,3,11,0,37,0,0,49,22,0,0,0,0,0,0,1,59,11,0,0,18,0,60,0,0,4,0,2,0,0,227,0,0,0,0,0,32,0,0,0,679,46,5,2,0,1,0,0,4,0,0,0,0,520,0,8,0,0,0,0,0,0,0,0,186,2,0,0,13,0,1,0,1,0,2,0,47,0,0,0,0,35,0,0,0,0,1,0,0,0,0,0,4,0,3,0,0,1,0,0
0,0,0,0,0,0,0,0,0,0,0,0,0,2,0,0,2,0,0,0,0,1,5,0,0,0,0,0,0,0,0,0,0,0,0,0,0,0,0,0,0,11,0,0,0,3,0,0,0,0,0,0,0,194,0,0,0,0,0,1,0,0,0,0,0,0,1,0,0,0,0,0,0,0,2,2,0,0,0,1,0,0,0,0,0,0,0,0,0,0,0,0,0,0,0,0,0,0,0,0,0,0,0,0,0,0,0,0,0,0,8,0,0,0,0,0,0,0,0,3,0,0,0,0,1,0,0,0,0,0,0,0,0,6,0,0,0,1,0,0,0,0,0,0,0,0,0,0,0,0,0,0,0,0,0,0,0,0,0,0,0,0,0,0,0,0,0,0,0,0,0,0,0,0,0,0,0,0,0,0,0,0,0,0,0,0,0,0,0,0,0,0,0,0,0,0,0,0,0,0,0,0,0,0,0,0,0,0,0,0,0,1,0,0,0,0,0
0,0,0,4,7,0,0,0,0,0,0,0,0,0,0,0,15,3,0,1,0,3,1,0,0,32,0,0,0,1,3,5,0,0,2,0,0,1,4,0,0,91,0,0,0,15,1,34,1,0,0,3,1,31,0,0,0,0,0,4,17,0,0,0,0,11,2,1,0,0,0,0,0,1,1,0,3,0,1,1,0,3,0,0,0,0,0,0,0,0,0,1,0,0,0,3,0,0,0,0,3,0,0,0,0,0,1,0,2,0,1,0,0,0,0,12,1,0,11,5,0,11,0,0,43,3,0,0,0,0,0,0,0,14,113,0,0,10,0,63,0,0,0,0,10,0,0,54,0,4,0,0,0,14,0,0,0,41,5,0,0,0,4,0,0,0,0,0,0,0,82,0,18,0,622,0,3,0,2,0,2,101,0,0,1,6,0,0,0,2,0,2,0,11,0,0,0,0,3,0,0,0,0,14,0,0,0,0,0,2,0,2,0,0,0,0,0
0,0,0,0,3,0,0,0,0,0,0,0,0,0,0,0,1,0,0,0,0,0,0,0,0,0,0,0,0,0,0,0,0,0,0,0,0,0,0,0,0,0,0,0,0,0,0,0,0,0,0,0,0,0,0,0,0,0,0,0,0,0,0,0,0,6,0,0,0,0,0,0,0,0,0,0,0,0,0,0,0,0,0,0,0,0,0,0,0,0,0,0,0,0,0,0,0,0,0,0,0,0,0,0,0,0,0,0,0,0,7,0,0,0,0,0,0,0,0,0,0,0,0,0,0,0,0,0,0,0,0,0,0,0,0,0,0,1,0,0,0,0,0,0,0,0,0,0,0,0,0,0,0,0,0,0,0,0,0,0,0,0,0,0,0,0,0,0,0,0,1,0,0,0,0,0,0,0,0,0,0,0,0,0,0,0,0,0,0,0,0,0,0,2,0,0,0,0,0,0,0,0,0,1,0,0,0,0,0,0,0,0,0,0,0,0,0
0,0,0,0,0,0,0,0,0,0,0,0,0,0,0,0,0,0,0,0,0,0,0,0,0,0,0,0,0,0,0,0,0,0,0,0,0,0,0,0,0,0,0,0,0,0,0,0,0,0,0,0,0,0,0,0,0,0,0,0,0,0,0,0,0,0,0,0,0,0,0,0,0,0,0,0,0,0,0,0,0,0,0,0,0,0,0,0,0,0,0,0,0,0,0,0,0,0,0,0,0,0,0,0,0,0,0,0,0,0,0,0,0,0,0,0,0,0,0,0,0,0,0,0,0,0,0,0,0,0,0,0,0,0,0,0,0,0,0,0,0,0,0,0,0,0,0,0,0,0,0,0,0,0,0,0,0,0,0,0,0,0,0,0,0,0,0,0,0,0,0,0,0,0,0,0,0,0,0,0,0,0,0,0,0,0,0,0,0,0,0,0,0,0,0,0,0,0,0,0,0,0,0,0,0,0,0,0,0,0,0,0,0,0,0,0,0
0,0,1,0,1,0,0,0,0,0,0,0,0,4,0,0,1,0,0,0,0,0,5,0,0,0,0,0,0,0,1,0,0,0,10,0,0,0,2,1,0,0,0,0,0,3,0,0,0,0,0,2,0,1,0,0,0,0,0,0,2,1,0,0,0,0,1,0,0,0,0,0,0,0,0,2,2,0,0,2,0,1,0,0,0,0,0,0,0,0,0,0,0,0,0,2,0,0,0,0,0,0,0,0,0,0,0,0,0,0,8,0,0,0,0,0,1,0,0,0,0,0,0,0,1,0,0,0,0,0,0,0,0,10,0,0,0,1,0,0,0,5,0,0,0,0,0,0,0,0,0,0,0,0,0,0,0,0,0,0,0,0,0,0,0,0,0,0,0,0,6,0,0,0,4,0,0,1,0,0,0,2,0,0,0,2,0,0,0,0,0,0,0,24,0,0,0,0,5,0,0,0,0,3,0,0,0,0,0,1,0,3,0,0,0,0,0
0,0,2,66,35,7,0,0,0,2,0,0,0,5,0,0,159,5,0,0,0,4,30,0,0,18,0,0,16,2,61,22,13,0,20,1,1,8,115,45,0,60,0,0,0,107,0,19,9,0,0,81,5,307,0,0,0,0,0,8,582,19,0,0,9,129,8,0,0,0,0,0,0,8,13,8,46,0,3,4,0,4,0,40,0,0,0,0,0,0,0,11,0,0,0,35,8,0,0,0,13,0,0,0,0,0,19,1,6,0,418,0,0,0,0,8,54,0,11,45,0,74,0,0,31,0,0,0,0,0,0,0,5,172,36,0,0,62,0,86,0,2,6,0,82,0,39,3,0,28,0,0,0,326,0,0,0,63,97,75,2,0,40,0,0,40,0,0,0,0,1049,0,114,0,50,109,0,40,0,0,5,0,2,0,1,35,0,2,0,5,0,43,1,134,0,0,0,0,101,0,0,0,0,85,0,0,0,0,0,6,0,12,0,0,1,0,0
0,0,0,0,20,1,0,0,0,0,1,0,0,1,0,0,27,0,0,0,0,1,6,0,0,2,0,0,2,3,5,2,2,0,0,0,3,7,72,5,2,28,0,0,0,13,0,2,1,0,0,3,10,5,0,0,0,0,0,0,25,1,0,0,0,0,3,0,0,0,0,0,0,0,0,4,1,0,0,6,2,0,0,0,0,0,0,0,0,3,0,0,0,0,0,10,0,0,0,0,0,3,0,0,0,0,1,0,0,0,14,0,0,2,0,0,4,2,0,8,0,27,0,0,4,0,0,0,0,0,0,0,0,16,16,0,0,9,0,83,0,3,1,0,18,0,0,4,0,3,0,0,0,19,0,0,0,5,17,0,3,0,1,0,0,0,0,0,0,0,38,0,15,0,11,4,0,0,0,0,0,3,0,0,0,5,0,0,0,1,0,6,0,20,0,0,0,0,1,0,0,0,0,23,0,0,0,0,0,2,0,3,0,0,0,0,0
0,0,0,0,1,0,0,0,0,0,0,0,0,0,0,0,2,0,0,0,0,0,0,0,0,0,0,0,0,0,0,0,0,0,0,0,0,0,1,0,0,0,0,0,0,0,0,0,0,0,0,0,0,0,0,0,0,0,0,0,1,0,0,0,0,0,0,0,0,0,0,0,0,0,0,0,0,0,0,0,0,0,0,0,0,0,0,0,0,0,0,0,0,0,0,0,0,0,0,0,0,0,0,0,0,0,0,0,0,0,2,0,0,0,0,0,1,0,0,0,0,0,0,0,0,0,0,0,0,0,0,0,0,2,0,0,0,1,0,0,0,0,0,0,0,0,0,0,0,0,0,0,0,0,0,0,0,0,0,0,0,0,0,0,0,0,0,0,0,0,2,0,0,0,0,0,0,0,0,0,0,0,0,0,0,0,0,0,0,0,0,0,0,6,0,0,0,0,0,0,0,0,0,0,0,0,0,0,0,0,0,0,0,0,0,0,0
1,0,0,7,4,1,0,0,0,0,0,0,0,0,0,0,7,4,0,0,0,1,4,0,0,2,0,0,0,6,2,0,1,0,1,0,0,5,14,1,0,51,0,0,0,4,2,0,0,0,0,4,10,215,0,0,0,0,0,0,5,1,0,0,0,0,0,0,0,0,0,0,2,2,2,0,2,0,1,7,0,5,0,5,0,0,0,0,0,0,0,3,0,0,0,9,8,0,0,0,4,2,0,0,0,0,1,0,6,0,3,0,0,0,0,0,0,10,0,7,0,20,0,0,1,0,0,0,0,0,0,0,0,22,3,0,0,15,0,41,0,0,1,0,6,0,0,0,0,0,0,0,0,5,0,0,0,0,1,2,3,0,1,0,0,0,0,0,0,0,39,0,2,0,2,0,0,1,0,0,0,6,0,0,0,6,0,0,0,1,0,1,0,9,0,0,0,0,5,0,0,0,0,1,0,0,0,0,0,2,0,2,0,0,0,0,0
3,0,3,16,29,12,0,0,0,0,6,0,0,8,0,0,51,9,0,0,0,7,19,0,0,9,0,0,14,2,7,9,1,0,1,0,2,16,114,28,0,11,0,0,0,4,0,11,1,0,0,8,3,315,0,0,0,0,0,7,8,4,0,0,3,1,1,2,0,0,0,0,2,0,6,12,0,0,1,23,2,8,0,10,0,0,0,0,0,2,0,0,0,0,0,19,10,0,0,0,0,2,0,0,0,0,3,4,14,0,41,0,0,2,0,2,13,10,4,20,0,145,0,0,132,1,0,0,0,0,0,0,1,54,52,0,0,27,0,163,0,12,0,0,101,0,10,44,0,20,0,0,0,54,0,0,0,5,35,13,14,0,7,0,0,2,0,0,0,0,67,0,62,0,76,20,0,7,0,0,3,54,5,0,5,0,0,0,0,5,0,9,12,111,0,0,0,0,29,0,1,0,0,17,0,2,0,0,0,17,0,9,0,0,0,0,0
0,0,0,0,0,0,0,0,0,0,0,0,0,0,0,0,0,0,0,0,0,0,0,0,0,0,0,0,0,0,0,0,0,0,0,0,0,0,0,0,0,0,0,0,0,0,0,0,0,0,0,0,0,0,0,0,0,0,0,0,0,0,0,0,0,0,0,0,0,0,0,0,0,0,0,0,0,0,0,0,0,0,0,0,0,0,0,0,0,0,0,0,0,0,0,0,0,0,0,0,0,0,0,0,0,0,0,0,0,0,0,0,0,0,0,0,0,0,0,0,0,0,0,0,0,0,0,0,0,0,0,0,0,0,0,0,0,0,0,0,0,0,0,0,0,0,0,0,0,0,0,0,0,0,0,0,0,0,0,0,0,0,0,0,0,0,0,0,0,0,0,0,0,0,0,0,0,0,0,0,0,0,0,0,0,0,0,0,0,0,0,0,0,0,0,0,0,0,0,0,0,0,0,0,0,0,0,0,0,0,0,0,0,0,0,0,0
0,0,0,3,1,4,0,0,0,0,0,0,0,0,0,0,3,0,0,0,0,0,2,0,0,0,0,0,0,0,0,1,3,0,0,0,0,1,1,1,0,32,0,0,0,4,0,2,0,0,0,3,2,7,0,0,0,0,0,2,3,1,0,0,0,1,0,1,0,0,1,0,0,0,1,1,2,0,1,1,0,0,0,0,0,0,0,0,0,0,0,0,0,0,0,3,0,0,0,0,2,0,0,0,0,0,0,0,1,0,4,0,0,0,0,1,0,0,0,1,0,11,0,0,10,0,0,0,0,0,0,0,0,4,12,0,0,4,0,23,0,0,0,0,12,0,1,4,0,1,0,0,0,4,0,0,0,0,4,0,0,0,0,0,0,0,0,0,0,0,7,0,6,0,7,1,0,0,0,0,0,3,0,0,0,0,0,0,0,0,0,2,0,6,0,0,0,0,0,0,0,0,0,4,0,0,0,0,0,0,0,0,0,0,0,0,0
0,0,0,0,0,0,0,0,0,0,0,0,0,0,0,0,0,0,0,0,0,0,0,0,0,0,0,0,0,0,0,0,0,0,0,0,0,0,0,0,0,0,0,0,0,0,0,0,0,0,0,0,0,0,0,0,0,0,0,0,0,0,0,0,0,0,0,0,0,0,0,0,0,0,0,0,0,0,0,0,0,0,0,0,0,0,0,0,0,0,0,0,0,0,0,0,0,0,0,0,0,0,0,0,0,0,0,0,0,0,0,0,0,0,0,0,0,0,0,0,0,0,0,0,0,0,0,0,0,0,0,0,0,0,0,0,0,0,0,0,0,0,0,0,0,0,0,0,0,0,0,0,0,0,0,0,0,0,0,0,0,0,0,0,0,0,0,0,0,0,0,0,0,0,0,0,0,0,0,0,0,0,0,0,0,0,0,0,0,0,0,0,0,0,0,0,0,0,0,0,0,0,0,0,0,0,0,0,0,0,0,0,0,0,0,0,0
0,0,1,2,5,1,0,0,0,0,0,0,0,0,0,0,16,3,0,0,0,0,5,0,0,0,0,0,0,0,1,5,1,0,0,0,1,1,3,4,0,3,0,0,0,7,0,1,0,0,0,1,2,3,0,0,0,0,0,0,32,0,0,0,0,0,0,0,0,0,0,0,0,0,1,0,1,0,0,0,0,0,0,0,0,0,0,0,0,0,0,0,0,0,0,2,0,0,0,0,0,1,0,0,0,0,0,0,0,0,20,0,0,0,0,0,3,0,0,0,0,13,0,0,14,0,0,0,0,0,0,0,0,5,3,0,0,3,0,28,0,0,0,0,9,0,1,4,0,2,0,0,0,0,0,0,0,0,9,0,1,0,6,0,0,0,0,0,0,0,26,0,2,0,9,1,0,3,0,0,0,5,1,0,0,4,0,0,0,0,0,2,0,9,0,0,0,0,0,0,0,0,0,2,0,0,0,0,0,0,0,1,0,0,0,0,0
0,0,0,0,0,0,0,0,0,0,0,0,0,0,0,0,0,0,0,0,0,0,0,0,0,0,0,0,0,0,0,0,0,0,0,0,0,0,0,0,0,0,0,0,0,0,0,0,0,0,0,0,0,0,0,0,0,0,0,0,0,0,0,0,0,0,0,0,0,0,0,0,0,0,0,0,0,0,0,0,0,0,0,0,0,0,0,0,0,0,0,0,0,0,0,0,0,0,0,0,0,0,0,0,0,0,0,0,0,0,0,0,0,0,0,0,0,0,0,0,0,0,0,0,0,0,0,0,0,0,0,0,0,0,0,0,0,0,0,0,0,0,0,0,0,0,0,0,0,0,0,0,0,0,0,0,0,0,0,0,0,0,0,0,0,0,0,0,0,0,0,0,0,0,0,0,0,0,0,0,0,0,0,0,0,0,0,0,0,0,0,0,0,0,0,0,0,0,0,0,0,0,0,0,0,0,0,0,0,0,0,0,0,0,0,0,0
2,0,1,0,3,0,0,0,0,0,9,0,0,5,0,0,20,12,0,0,0,0,16,0,0,0,0,0,0,0,0,0,0,0,3,0,3,40,315,15,0,5,0,0,0,6,0,14,0,0,0,9,0,92,0,0,0,0,0,1,5,0,0,0,0,1,1,0,0,0,0,0,0,0,3,9,0,0,0,10,2,3,0,4,0,0,0,0,0,11,0,0,0,0,0,16,1,0,0,0,1,0,0,0,0,0,5,0,3,0,13,0,0,3,0,3,5,0,0,18,0,243,0,0,27,0,0,0,0,0,0,0,1,60,39,0,0,3,0,193,0,26,2,0,78,0,16,3,0,2,0,0,0,90,0,0,0,4,29,1,9,0,0,0,0,0,0,0,0,0,25,0,70,0,39,4,0,1,0,0,0,26,4,0,1,4,0,0,0,3,0,0,6,153,0,0,0,0,9,0,0,0,0,30,0,1,0,0,0,1,0,40,0,0,0,0,0
0,0,0,4,10,2,0,0,0,0,0,0,0,0,0,0,22,0,0,0,0,0,0,0,0,2,0,0,0,0,5,7,2,0,0,0,3,0,8,5,0,31,0,0,0,18,0,0,1,0,0,2,0,1,0,0,0,0,0,0,37,0,0,0,0,0,0,0,0,0,1,0,0,0,0,0,0,0,0,0,1,0,0,0,0,0,0,0,0,0,0,0,0,0,0,0,0,0,0,0,0,0,0,0,0,0,0,0,0,0,13,0,0,0,0,1,6,0,0,4,0,0,0,0,0,0,0,0,0,0,0,0,0,0,0,0,0,3,0,2,0,0,0,0,0,0,0,0,0,0,0,0,0,0,0,0,0,0,1,0,5,0,1,0,0,0,0,0,0,0,14,0,8,0,10,0,0,0,0,0,0,0,0,0,0,9,0,0,0,0,0,5,0,0,0,0,0,0,1,0,0,0,0,5,0,0,0,0,0,0,0,4,0,0,0,0,0
0,0,2,575,103,93,0,0,0,13,246,0,0,38,0,0,2696,16,0,0,0,5,652,2,0,38,0,0,82,5,909,99,308,0,32,3,56,126,766,100,0,6469,0,0,0,2437,0,5,23,0,0,1465,2,1759,0,0,0,0,0,90,4187,30,0,0,16,6,29,4,0,0,13,0,0,17,23,0,1153,0,15,447,0,0,0,67,0,0,0,0,0,1,0,15,0,0,0,11,11,0,0,0,7,4,0,0,0,0,6,0,41,0,293,0,0,0,0,61,1056,1,0,43,0,1289,0,0,2847,0,0,0,0,0,0,0,10,823,494,0,0,150,0,0,0,0,47,0,1608,0,137,183,0,685,0,0,0,924,0,0,0,98,180,81,7,0,393,0,0,5,0,0,0,0,504,2,501,0,335,104,0,20,3,0,61,223,14,13,10,84,0,6,0,8,0,107,0,0,0,0,0,0,125,0,0,0,0,261,0,0,0,0,0,20,0,40,0,7,0,0,0
0,0,0,0,0,0,0,0,0,0,0,0,0,0,0,0,0,0,0,0,0,0,0,0,0,0,0,0,0,0,0,0,0,0,0,0,0,0,0,0,0,0,0,0,0,0,0,0,0,0,0,0,0,0,0,0,0,0,0,0,0,0,0,0,0,0,0,0,0,0,0,0,0,0,0,0,0,0,0,0,0,0,0,0,0,0,0,0,0,0,0,0,0,0,0,0,0,0,0,0,0,0,0,0,0,0,0,0,0,0,0,0,0,0,0,0,0,0,0,0,0,0,0,0,0,0,0,0,0,0,0,0,0,0,0,0,0,0,0,0,0,0,0,0,0,0,0,0,0,0,0,0,0,0,0,0,0,0,0,0,0,0,0,0,0,0,0,0,0,0,0,0,0,0,0,0,0,0,0,0,0,0,0,0,0,0,0,0,0,0,0,0,0,0,0,0,0,0,0,0,0,0,0,0,0,0,0,0,0,0,0,0,0,0,0,0,0
0,0,0,0,0,0,0,0,0,0,0,0,0,0,0,0,0,0,0,0,0,0,0,0,0,0,0,0,0,0,0,0,0,0,0,0,0,0,0,0,0,0,0,0,0,0,0,0,0,0,0,0,0,0,0,0,0,0,0,0,0,0,0,0,0,0,0,0,0,0,0,0,0,0,0,0,0,0,0,0,0,0,0,0,0,0,0,0,0,0,0,0,0,0,0,0,0,0,0,0,0,0,0,0,0,0,0,0,0,0,0,0,0,0,0,0,0,0,0,0,0,0,0,0,0,0,0,0,0,0,0,0,0,0,0,0,0,0,0,0,0,0,0,0,0,0,0,0,0,0,0,0,0,0,0,0,0,0,0,0,0,0,0,0,0,0,0,0,0,0,0,0,0,0,0,0,0,0,0,0,0,0,0,0,0,0,0,0,0,0,0,0,0,0,0,0,0,0,0,0,0,0,0,0,0,0,0,0,0,0,0,0,0,0,0,0,0
0,0,0,0,0,0,0,0,0,0,0,0,0,0,0,0,0,0,0,0,0,0,0,0,0,0,0,0,0,0,0,0,0,0,0,0,0,0,213,0,0,0,0,0,0,0,0,0,0,0,0,0,0,0,0,0,0,0,0,0,0,0,0,0,0,0,0,0,0,0,0,0,0,0,0,0,0,0,0,0,0,0,0,0,0,0,0,0,0,0,0,0,0,0,0,0,0,0,0,0,0,0,0,0,0,0,0,0,0,0,0,0,0,0,0,0,0,0,0,0,0,1186,0,0,0,0,0,0,0,0,0,0,0,0,0,0,0,0,0,0,0,0,0,0,0,0,0,0,0,0,0,0,0,0,0,0,0,0,0,0,0,0,0,0,0,0,0,0,0,0,0,0,0,0,0,0,0,0,0,0,0,0,0,0,0,0,0,0,0,0,0,0,0,0,0,0,0,0,0,0,0,0,0,0,0,0,0,0,0,0,0,0,0,0,0,0,0
0,0,0,0,0,0,0,0,0,0,0,0,0,0,0,0,0,0,0,0,0,0,0,0,0,0,0,0,0,0,0,0,0,0,0,0,0,0,0,0,0,0,0,0,0,0,0,0,0,0,0,0,0,0,0,0,0,0,0,0,0,0,0,0,0,0,0,0,0,0,0,0,0,0,0,0,0,0,0,0,0,0,0,0,0,0,0,0,0,0,0,0,0,0,0,0,0,0,0,0,0,0,0,0,0,0,0,0,0,0,0,0,0,0,0,0,0,0,0,0,0,0,0,0,0,0,0,0,0,0,0,0,0,0,0,0,0,0,0,0,0,0,0,0,0,0,0,0,0,0,0,0,0,0,0,0,0,0,0,0,0,0,0,0,0,0,0,0,0,0,0,0,0,0,0,0,0,0,0,0,0,0,0,0,0,0,0,0,0,0,0,0,0,0,0,0,0,0,0,0,0,0,0,0,0,0,0,0,0,0,0,0,0,0,0,0,0
5,0,2,4,95,3,0,0,0,2,7,0,0,2,0,0,57,35,4,0,0,10,41,2,0,16,0,0,6,7,13,9,14,0,8,1,8,56,106,16,0,95,0,0,0,56,10,15,0,0,0,49,73,690,0,0,0,0,0,9,118,1,0,0,1,0,10,8,0,0,2,0,0,10,35,4,19,0,1,11,1,9,0,1024,0,0,0,0,0,2,0,2,0,0,0,19,15,0,0,0,3,2,0,0,0,0,9,0,0,1,192,0,0,1,0,2,6,3,0,18,0,229,0,0,20,0,0,0,0,0,0,0,0,274,40,0,0,0,0,407,0,5,0,0,303,0,4,70,0,15,0,0,0,40,0,0,0,47,11,103,9,0,8,0,0,0,0,0,0,0,75,0,190,0,167,50,0,3,0,0,7,113,0,0,10,20,0,0,0,0,0,10,2,150,0,0,0,0,0,0,0,0,0,19,0,5,0,0,0,0,0,5,0,0,0,0,0
0,0,0,0,0,0,0,0,0,0,0,0,0,0,0,0,0,0,0,0,0,0,0,0,0,0,0,0,0,0,0,0,0,0,0,0,0,0,0,0,0,0,0,0,0,0,0,0,0,0,0,0,0,0,0,0,0,0,0,0,0,0,0,0,0,0,0,0,0,0,0,0,0,0,0,0,0,0,0,0,0,0,0,0,0,0,0,0,0,0,0,0,0,0,0,0,0,0,0,0,0,0,0,0,0,0,0,0,0,0,0,0,0,0,0,0,0,0,0,0,0,0,0,0,0,0,0,0,0,0,0,0,0,0,0,0,0,0,0,0,0,0,0,0,0,0,0,0,0,0,0,0,0,0,0,0,0,0,0,0,0,0,0,0,0,0,0,0,0,0,0,0,0,0,0,0,0,0,0,0,0,0,0,0,0,0,0,0,0,0,0,0,0,0,0,0,0,0,0,0,0,0,0,0,0,0,0,0,0,0,0,0,0,0,0,0,0
0,0,0,0,1,0,0,0,0,0,0,0,0,0,0,0,1,0,0,0,0,0,4,0,0,0,0,0,0,0,0,0,0,0,0,0,0,0,1,0,2,9,0,0,0,1,0,0,0,0,0,0,3,0,0,0,0,0,0,0,0,0,0,0,0,0,0,0,0,0,0,0,0,0,0,0,0,0,0,0,0,0,0,0,0,0,0,0,0,0,0,0,0,0,0,1,0,0,0,0,0,0,0,0,0,0,0,0,0,0,3,0,0,0,0,0,0,0,0,1,0,0,0,0,0,0,0,0,0,0,0,0,0,1,0,0,0,1,0,1,0,0,0,0,0,0,0,0,0,0,0,0,0,0,0,0,0,0,0,0,1,0,0,0,0,0,0,0,0,0,6,0,0,0,0,0,0,0,0,0,0,0,0,0,0,1,0,0,0,0,0,0,0,0,0,0,0,0,0,0,0,0,0,0,0,0,0,0,0,0,0,0,0,0,0,0,0
0,0,0,0,0,0,0,0,0,0,0,0,0,0,0,0,0,0,0,0,0,0,0,0,0,0,0,0,0,0,0,0,0,0,0,0,0,0,0,0,0,0,0,0,0,0,0,0,0,0,0,0,0,0,0,0,0,0,0,0,0,0,0,0,0,0,0,0,0,0,0,0,0,0,0,0,0,0,0,0,0,0,0,0,0,0,0,0,0,0,0,0,0,0,0,0,0,0,0,0,0,0,0,0,0,0,0,0,0,0,0,0,0,0,0,0,0,0,0,0,0,0,0,0,0,0,0,0,0,0,0,0,0,0,0,0,0,0,0,0,0,0,0,0,0,0,0,0,0,0,0,0,0,0,0,0,0,0,0,0,0,0,0,0,0,0,0,0,0,0,0,0,0,0,0,0,0,0,0,0,0,0,0,0,0,0,0,0,0,0,0,0,0,0,0,0,0,0,0,0,0,0,0,0,0,0,0,0,0,0,0,0,0,0,0,0,0
0,0,0,0,0,0,0,0,0,0,0,0,0,0,0,0,0,0,0,0,0,0,0,0,0,0,0,0,0,0,0,0,0,0,0,0,0,0,0,0,0,0,0,0,0,0,0,0,0,0,0,0,0,0,0,0,0,0,0,0,0,0,0,0,0,0,0,0,0,0,0,0,0,0,0,0,0,0,0,0,0,0,0,0,0,0,0,0,0,0,0,0,0,0,0,0,0,0,0,0,0,0,0,0,0,0,0,0,0,0,0,0,0,0,0,0,0,0,0,0,0,0,0,0,0,0,0,0,0,0,0,0,0,0,0,0,0,0,0,0,0,0,0,0,0,0,0,0,0,0,0,0,0,0,0,0,0,0,0,0,0,0,0,0,0,0,0,0,0,0,0,0,0,0,0,0,0,0,0,0,0,0,0,0,0,0,0,0,0,0,0,0,0,0,0,0,0,0,0,0,0,0,0,0,0,0,0,0,0,0,0,0,0,0,0,0,0
8,0,3,22,23,0,0,0,0,0,9,0,0,45,0,0,0,8,2,0,0,0,35,0,0,10,0,0,0,3,13,9,10,0,11,1,6,48,195,33,0,33,0,0,0,39,5,24,0,0,0,24,20,450,0,0,1,0,0,7,39,8,0,0,7,1,4,1,0,0,0,0,4,4,26,12,13,0,0,7,0,45,0,61,0,0,0,0,0,0,0,0,0,0,0,18,9,0,0,0,0,2,0,0,0,0,8,0,14,0,25,0,0,0,0,6,78,5,0,64,0,144,0,0,40,0,0,0,0,0,0,0,5,150,120,0,0,41,0,463,0,17,9,0,177,0,8,30,0,0,0,0,0,5,0,0,0,22,0,34,0,0,9,0,0,0,0,0,0,0,69,1,154,0,76,1,0,17,1,0,1,158,17,0,2,11,0,0,0,4,0,14,7,369,0,0,0,0,15,0,0,0,0,0,0,1,0,0,3,12,0,6,0,0,0,0,0
0,0,0,0,0,0,0,0,0,0,0,0,0,0,0,0,0,0,0,0,0,0,0,0,0,0,0,0,0,0,0,0,0,0,0,0,0,0,0,0,0,0,0,0,0,0,0,0,0,0,0,0,0,0,0,0,0,0,0,0,0,0,0,0,0,0,0,0,0,0,0,0,0,0,0,0,0,0,0,0,0,0,0,0,0,0,0,0,0,0,0,0,0,0,0,0,0,0,0,0,0,0,0,0,0,0,0,0,0,0,0,0,0,0,0,0,0,0,0,0,0,0,0,0,0,0,0,0,0,0,0,0,0,0,0,0,0,0,0,0,0,0,0,0,0,0,0,0,0,0,0,0,0,0,0,0,0,0,0,0,0,0,0,0,0,0,0,0,0,0,0,0,0,0,0,0,0,0,0,0,0,0,0,0,0,0,0,0,0,0,0,0,0,0,0,0,0,0,0,0,0,0,0,0,0,0,0,0,0,0,0,0,0,0,0,0,0
0,0,0,0,0,0,0,0,0,0,1,0,0,0,0,0,6,0,0,0,0,0,3,0,0,0,0,0,0,0,0,0,0,0,0,0,0,0,0,0,0,10,0,0,0,2,0,0,2,0,0,0,1,0,0,0,0,0,0,0,0,0,0,0,0,0,0,0,0,0,0,0,0,0,0,0,0,0,0,0,0,0,0,0,0,0,0,0,0,0,0,0,0,0,0,0,0,0,0,0,0,0,0,0,0,0,1,0,0,0,0,0,0,0,0,0,1,0,0,4,0,0,0,0,0,0,0,0,0,0,0,0,0,3,1,0,0,1,0,0,0,0,0,0,0,0,0,0,0,0,0,0,0,0,0,0,0,0,1,5,0,0,0,0,0,0,0,0,0,0,0,0,0,0,0,0,0,0,0,0,0,0,0,0,0,1,0,0,0,0,0,1,0,1,0,0,0,0,4,0,0,0,0,1,0,0,0,0,0,0,0,0,0,0,0,0,0
0,0,0,0,0,0,0,0,0,0,0,0,0,0,0,0,0,0,0,0,0,0,0,0,0,0,0,0,0,0,0,0,0,0,0,0,0,0,0,0,0,0,0,0,0,0,0,0,0,0,0,0,0,0,0,0,0,0,0,0,0,0,0,0,0,0,0,0,0,0,0,0,0,0,0,0,0,0,0,0,0,0,0,0,0,0,0,0,0,0,0,0,0,0,0,0,0,0,0,0,0,0,0,0,0,0,0,0,0,0,0,0,0,0,0,0,0,0,0,0,0,0,0,0,0,0,0,0,0,0,0,0,0,0,0,0,0,0,0,0,0,0,0,0,0,0,0,0,0,0,0,0,0,0,0,0,0,0,0,0,0,0,0,0,0,0,0,0,0,0,0,0,0,0,0,0,0,0,0,0,0,0,0,0,0,0,0,0,0,0,0,0,0,0,0,0,0,0,0,0,0,0,0,0,0,0,0,0,0,0,0,0,0,0,0,0,0
0,0,0,0,0,0,0,0,0,0,0,0,0,0,0,0,0,0,0,0,0,0,0,0,0,0,0,0,0,0,0,0,0,0,0,0,0,0,0,0,0,0,0,0,0,0,0,0,0,0,0,0,0,0,0,0,0,0,0,0,0,0,0,0,0,0,0,0,0,0,0,0,0,0,0,0,0,0,0,0,0,0,0,0,0,0,0,0,0,0,0,0,0,0,0,0,0,0,0,0,0,0,0,0,0,0,0,0,0,0,0,0,0,0,0,0,0,0,0,0,0,0,0,0,0,0,0,0,0,0,0,0,0,0,0,0,0,0,0,0,0,0,0,0,0,0,0,0,0,0,0,0,0,0,0,0,0,0,0,0,0,0,0,0,0,0,0,0,0,0,0,0,0,0,0,0,0,0,0,0,0,0,0,0,0,0,0,0,0,0,0,0,0,0,0,0,0,0,0,0,0,0,0,0,0,0,0,0,0,0,0,0,0,0,0,0,0
0,0,0,0,0,0,0,0,0,0,0,0,0,0,0,0,1,0,0,0,0,0,0,0,0,0,0,0,0,0,0,2,0,0,0,0,0,0,2,0,0,0,0,0,0,0,0,0,0,0,0,0,1,0,0,0,0,0,0,0,0,0,0,0,0,0,0,0,0,0,0,0,0,0,0,0,0,0,0,0,0,0,0,0,0,0,0,0,0,0,0,0,0,0,0,0,0,0,0,0,0,0,0,0,0,0,0,0,0,0,1,0,0,0,0,0,0,0,0,0,0,0,0,0,0,0,0,0,0,0,0,0,0,0,0,0,0,0,0,0,0,0,0,0,0,0,0,0,0,0,0,0,0,0,0,0,0,0,0,0,0,0,0,0,0,0,0,0,0,0,1,0,0,0,0,0,0,0,0,0,0,0,0,0,0,0,0,0,0,0,0,0,0,0,0,0,0,0,0,0,0,0,0,3,0,0,0,0,0,0,0,0,0,0,0,0,0
0,0,2,4,1,4,0,0,0,2,0,0,0,1,0,0,29,4,0,0,0,0,7,0,0,0,0,0,2,2,12,2,4,0,4,0,2,2,19,12,0,44,0,0,0,16,0,0,0,0,0,30,14,5,0,0,0,0,0,2,47,2,0,0,0,4,2,0,0,0,1,0,0,0,0,1,0,0,0,0,0,4,0,16,0,0,0,0,0,0,0,0,0,0,0,3,2,0,0,0,1,1,0,0,0,0,1,0,1,0,29,0,0,0,0,2,0,5,0,11,0,45,0,0,13,0,0,0,0,0,0,0,0,40,26,0,0,0,0,102,0,0,1,0,67,0,1,3,0,0,0,0,0,23,0,0,0,3,10,24,2,0,0,0,0,0,0,0,0,0,36,0,39,0,31,8,0,1,0,0,1,7,2,0,1,11,0,0,0,0,0,2,0,30,0,0,0,0,0,0,0,0,0,8,0,0,0,0,0,0,0,4,0,0,0,0,0
0,0,0,0,0,0,0,0,0,0,0,0,0,0,0,0,0,0,0,0,0,0,0,0,0,0,0,0,0,0,0,0,0,0,0,0,0,0,0,0,0,0,0,0,0,0,0,0,0,0,0,0,0,0,0,0,0,0,0,0,0,0,0,0,0,0,0,0,0,0,0,0,0,0,0,0,0,0,0,0,0,0,0,0,0,0,0,0,0,0,0,0,0,0,0,0,0,0,0,0,0,0,0,0,0,0,0,0,0,0,0,0,0,0,0,0,0,0,0,0,0,0,0,0,0,0,0,0,0,0,0,0,0,0,0,0,0,0,0,0,0,0,0,0,0,0,0,0,0,0,0,0,0,0,0,0,0,0,0,0,0,0,0,0,0,0,0,0,0,0,0,0,0,0,0,0,0,0,0,0,0,0,0,0,0,0,0,0,0,0,0,0,0,0,0,0,0,0,0,0,0,0,0,0,0,0,0,0,0,0,0,0,0,0,0,0,0
0,0,1,34,0,22,0,0,0,1,13,0,0,3,0,0,41,5,0,0,0,0,14,0,0,2,0,0,21,0,15,18,14,0,0,1,3,0,39,15,0,43,0,0,0,29,0,2,3,0,0,29,3,57,0,0,0,0,0,6,56,0,0,0,0,1,1,0,0,0,0,0,0,5,4,4,10,0,0,2,0,9,0,0,0,0,0,0,0,0,0,0,0,0,0,6,0,0,0,0,2,0,0,0,0,0,11,0,7,0,12,0,0,0,0,7,23,6,0,33,0,89,0,0,31,0,0,0,0,0,0,0,8,73,75,0,0,3,0,61,0,12,5,0,41,0,12,16,0,33,0,0,0,0,0,0,0,1,6,11,3,0,5,0,0,2,0,0,0,0,35,0,21,0,80,3,1,1,1,0,6,22,3,0,2,6,0,1,0,2,0,31,5,60,0,0,0,0,4,0,0,0,0,3,0,0,0,0,0,4,0,0,0,1,0,0,0
0,0,0,0,0,0,0,0,0,0,0,0,0,0,0,0,0,0,0,0,0,0,0,0,0,0,0,0,0,0,0,0,0,0,0,0,0,0,0,0,0,0,0,0,0,0,0,0,0,0,0,0,0,0,0,0,0,0,0,0,0,0,0,0,0,0,0,0,0,0,0,0,0,0,0,0,0,0,0,0,0,0,0,0,0,0,0,0,0,0,0,0,0,0,0,0,0,0,0,0,0,0,0,0,0,0,0,0,0,0,0,0,0,0,0,0,0,0,0,0,0,0,0,0,0,0,0,0,0,0,0,0,0,0,0,0,0,0,0,0,0,0,0,0,0,0,0,0,0,0,0,0,0,0,0,0,0,0,0,0,0,0,0,0,0,0,0,0,0,0,0,0,0,0,0,0,0,0,0,0,0,0,0,0,0,0,0,0,0,0,0,0,0,0,0,0,0,0,0,0,0,0,0,0,0,0,0,0,0,0,0,0,0,0,0,0,0
0,0,0,0,0,0,0,0,0,0,0,0,0,0,0,0,0,0,0,0,0,0,0,0,0,0,0,0,0,0,0,0,0,0,0,0,0,0,0,0,0,0,0,0,0,0,0,0,0,0,0,0,0,0,0,0,0,0,0,0,0,0,0,0,0,0,0,0,0,0,0,0,0,0,0,0,0,0,0,0,0,0,0,0,0,0,0,0,0,0,0,0,0,0,0,0,0,0,0,0,0,0,0,0,0,0,0,0,0,0,0,0,0,0,0,0,0,0,0,1,0,53,0,0,0,0,0,0,0,0,0,0,0,0,0,0,0,1,0,49,0,0,0,0,0,0,0,0,0,0,0,0,0,0,0,0,0,0,0,0,0,0,0,0,0,0,0,0,0,0,0,0,0,0,0,0,0,0,0,0,0,0,0,0,0,0,0,0,0,0,0,0,0,1,0,0,0,0,0,0,0,0,0,0,0,0,0,0,0,0,0,0,0,0,0,0,0
0,0,0,0,0,0,0,0,0,0,0,0,0,0,0,0,0,0,0,0,0,0,0,0,0,0,0,0,0,0,0,0,0,0,0,0,0,0,0,0,0,0,0,0,0,0,0,0,0,0,0,0,0,5,0,0,0,0,0,0,0,0,0,0,0,0,0,0,0,0,0,0,0,0,0,0,0,0,0,0,0,0,0,0,0,0,0,0,0,0,0,0,0,0,0,0,0,0,0,0,0,0,0,0,0,0,0,0,0,0,0,0,0,0,0,0,0,0,0,0,0,0,0,0,0,0,0,0,0,0,0,0,0,0,0,0,0,0,0,0,0,0,0,0,0,0,0,0,0,0,0,0,0,0,0,0,0,0,0,0,0,0,0,0,0,0,0,0,0,0,0,0,0,0,0,0,0,0,0,0,0,1,0,0,0,0,0,0,0,0,0,0,0,0,0,0,0,0,0,0,0,0,0,0,0,0,0,0,0,0,0,0,0,0,0,0,0
0,0,0,0,0,0,0,0,0,0,0,0,0,0,0,0,0,0,0,0,0,0,0,0,0,0,0,0,0,0,0,0,0,0,0,0,0,0,0,0,0,0,0,0,0,0,0,0,0,0,0,0,0,0,0,0,0,0,0,0,0,0,0,0,0,0,0,0,0,0,0,0,0,0,0,0,0,0,0,0,0,0,0,0,0,0,0,0,0,0,0,0,0,0,0,0,0,0,0,0,0,0,0,0,0,0,0,0,0,0,0,0,0,0,0,0,0,0,0,0,0,0,0,0,0,0,0,0,0,0,0,0,0,0,0,0,0,0,0,0,0,0,0,0,0,0,0,0,0,0,0,0,0,0,0,0,0,0,0,0,0,0,0,0,0,0,0,0,0,0,0,0,0,0,0,0,0,0,0,0,0,0,0,0,0,0,0,0,0,0,0,0,0,0,0,0,0,0,0,0,0,0,0,0,0,0,0,0,0,0,0,0,0,0,0,0,0
0,0,0,0,0,0,0,0,0,0,0,0,0,0,0,0,0,0,0,0,0,0,0,0,0,0,0,0,0,0,0,0,0,0,0,0,0,0,0,0,0,0,0,0,0,0,0,0,0,0,0,0,0,0,0,0,0,0,0,0,0,0,0,0,0,0,0,0,0,0,0,0,0,0,0,0,0,0,0,0,0,0,0,0,0,0,0,0,0,0,0,0,0,0,0,0,0,0,0,0,0,0,0,0,0,0,0,0,0,0,0,0,0,0,0,0,0,0,0,0,0,0,0,0,0,0,0,0,0,0,0,0,0,0,0,0,0,0,0,0,0,0,0,0,0,0,0,0,0,0,0,0,0,0,0,0,0,0,0,0,0,0,0,0,0,0,0,0,0,0,0,0,0,0,0,0,0,0,0,0,0,0,0,0,0,0,0,0,0,0,0,0,0,0,0,0,0,0,0,0,0,0,0,0,0,0,0,0,0,0,0,0,0,0,0,0,0
